eventId,title,displayDate,eventLevel,sourceFamily,preferredVerificationDomains,folder
viet-nam-thoi-dung-nuoc,Việt Nam thời dựng nước,Thời dựng nước,collection,broad_period,baotanglichsu.vn|nhandan.vn|qdnd.vn|vietnamplus.vn|luutru.gov.vn,by_event/viet-nam-thoi-dung-nuoc
bac-thuoc-va-dau-tranh-gianh-doc-lap,Bắc thuộc và đấu tranh giành độc lập,Bắc thuộc,collection,broad_period,baotanglichsu.vn|nhandan.vn|qdnd.vn|vietnamplus.vn|luutru.gov.vn,by_event/bac-thuoc-va-dau-tranh-gianh-doc-lap
viet-nam-tu-the-ki-x-den-xv,Việt Nam từ thế kỉ X đến thế kỉ XV,Việt Nam thế kỉ X-XV,collection,broad_period,baotanglichsu.vn|nhandan.vn|qdnd.vn|vietnamplus.vn|luutru.gov.vn,by_event/viet-nam-tu-the-ki-x-den-xv
viet-nam-tu-the-ki-xvi-den-xix,Việt Nam từ thế kỉ XVI đến thế kỉ XIX,Việt Nam thế kỉ XVI-XIX,collection,broad_period,baotanglichsu.vn|nhandan.vn|qdnd.vn|vietnamplus.vn|luutru.gov.vn,by_event/viet-nam-tu-the-ki-xvi-den-xix
viet-nam-1858-1918,Việt Nam từ năm 1858 đến năm 1918,Việt Nam 1858-1918,collection,broad_period,baotanglichsu.vn|nhandan.vn|qdnd.vn|vietnamplus.vn|luutru.gov.vn,by_event/viet-nam-1858-1918
viet-nam-1919-1945,Việt Nam từ năm 1919 đến năm 1945,Việt Nam 1919-1945,collection,broad_period,baotanglichsu.vn|nhandan.vn|qdnd.vn|vietnamplus.vn|luutru.gov.vn,by_event/viet-nam-1919-1945
viet-nam-1945-1954,Việt Nam từ năm 1945 đến năm 1954,Việt Nam 1945-1954,collection,broad_period,baotanglichsu.vn|nhandan.vn|qdnd.vn|vietnamplus.vn|luutru.gov.vn,by_event/viet-nam-1945-1954
viet-nam-1954-1975,Việt Nam từ năm 1954 đến năm 1975,Việt Nam 1954-1975,collection,broad_period,baotanglichsu.vn|nhandan.vn|qdnd.vn|vietnamplus.vn|luutru.gov.vn,by_event/viet-nam-1954-1975
viet-nam-1975-den-nay,Việt Nam từ năm 1975 đến nay,Việt Nam 1975 đến nay,collection,broad_period,baotanglichsu.vn|nhandan.vn|qdnd.vn|vietnamplus.vn|luutru.gov.vn,by_event/viet-nam-1975-den-nay
khoi-nghia-hai-ba-trung,Khởi nghĩa Hai Bà Trưng,40-43,atomic,ancient_medieval,baotanglichsu.vn|disanvanhoa.gov.vn|bvhttdl.gov.vn|qdnd.vn|nhandan.vn|unesco.org|whc.unesco.org,by_event/khoi-nghia-hai-ba-trung
khoi-nghia-khu-lien-lap-nuoc-lam-ap,Khởi nghĩa Khu Liên lập nước Lâm Ấp,Năm 192,atomic,ancient_medieval,baotanglichsu.vn|disanvanhoa.gov.vn|bvhttdl.gov.vn|qdnd.vn|nhandan.vn|unesco.org|whc.unesco.org,by_event/khoi-nghia-khu-lien-lap-nuoc-lam-ap
phu-nam-tro-thanh-vuong-quoc-hung-manh,Phù Nam trở thành vương quốc hùng mạnh,Từ thế kỉ III đến thế kỉ V,atomic,ancient_medieval,baotanglichsu.vn|disanvanhoa.gov.vn|bvhttdl.gov.vn|qdnd.vn|nhandan.vn|unesco.org|whc.unesco.org,by_event/phu-nam-tro-thanh-vuong-quoc-hung-manh
khoi-nghia-ba-trieu,Khởi nghĩa Bà Triệu,248,atomic,ancient_medieval,baotanglichsu.vn|disanvanhoa.gov.vn|bvhttdl.gov.vn|qdnd.vn|nhandan.vn|unesco.org|whc.unesco.org,by_event/khoi-nghia-ba-trieu
khoi-nghia-ly-bi-trieu-quang-phuc,Khởi nghĩa Lý Bí và Triệu Quang Phục,542-602,atomic,ancient_medieval,baotanglichsu.vn|disanvanhoa.gov.vn|bvhttdl.gov.vn|qdnd.vn|nhandan.vn|unesco.org|whc.unesco.org,by_event/khoi-nghia-ly-bi-trieu-quang-phuc
xa-lan-dau-tien-xuat-hien,Xã lần đầu tiên xuất hiện,Đầu thế kỉ VII,atomic,ancient_medieval,baotanglichsu.vn|disanvanhoa.gov.vn|bvhttdl.gov.vn|qdnd.vn|nhandan.vn|unesco.org|whc.unesco.org,by_event/xa-lan-dau-tien-xuat-hien
mai-thuc-loan-khoi-nghia,Mai Thúc Loan dựng cờ khởi nghĩa,đầu thế kỉ VIII,atomic,ancient_medieval,baotanglichsu.vn|disanvanhoa.gov.vn|bvhttdl.gov.vn|qdnd.vn|nhandan.vn|unesco.org|whc.unesco.org,by_event/mai-thuc-loan-khoi-nghia
khoi-nghia-mai-thuc-loan,Khởi nghĩa Mai Thúc Loan,713-722,atomic,ancient_medieval,baotanglichsu.vn|disanvanhoa.gov.vn|bvhttdl.gov.vn|qdnd.vn|nhandan.vn|unesco.org|whc.unesco.org,by_event/khoi-nghia-mai-thuc-loan
khoi-nghia-phung-hung,Khởi nghĩa Phùng Hưng,Cuối thế kỉ VIII,atomic,ancient_medieval,baotanglichsu.vn|disanvanhoa.gov.vn|bvhttdl.gov.vn|qdnd.vn|nhandan.vn|unesco.org|whc.unesco.org,by_event/khoi-nghia-phung-hung
khoi-nghia-khuc-thua-du,Khởi nghĩa Khúc Thừa Dụ,905,atomic,ancient_medieval,baotanglichsu.vn|disanvanhoa.gov.vn|bvhttdl.gov.vn|qdnd.vn|nhandan.vn|unesco.org|whc.unesco.org,by_event/khoi-nghia-khuc-thua-du
chien-thang-bach-dang-938,Chiến thắng Bạch Đằng (938),Năm 938,atomic,ancient_medieval,baotanglichsu.vn|disanvanhoa.gov.vn|bvhttdl.gov.vn|qdnd.vn|nhandan.vn|unesco.org|whc.unesco.org,by_event/chien-thang-bach-dang-938
ngo-quyen-xung-vuong-co-loa,Ngô Quyền xưng vương và đóng đô ở Cổ Loa,Sau năm 938,atomic,ancient_medieval,baotanglichsu.vn|disanvanhoa.gov.vn|bvhttdl.gov.vn|qdnd.vn|nhandan.vn|unesco.org|whc.unesco.org,by_event/ngo-quyen-xung-vuong-co-loa
khang-chien-chong-quan-tong-981,Kháng chiến chống quân Tống (lần 1),Năm 981,atomic,ancient_medieval,baotanglichsu.vn|disanvanhoa.gov.vn|bvhttdl.gov.vn|qdnd.vn|nhandan.vn|unesco.org|whc.unesco.org,by_event/khang-chien-chong-quan-tong-981
khang-chien-chong-quan-tong-1075-1077,Kháng chiến chống quân Tống (lần 2),1075-1077,atomic,ancient_medieval,baotanglichsu.vn|disanvanhoa.gov.vn|bvhttdl.gov.vn|qdnd.vn|nhandan.vn|unesco.org|whc.unesco.org,by_event/khang-chien-chong-quan-tong-1075-1077
ly-thuong-kiet-tap-kich-kham-chau-liem-chau-ung-chau,"Lý Thường Kiệt chủ động tập kích Khâm Châu, Liêm Châu, Ung Châu",Năm 1075,atomic,ancient_medieval,baotanglichsu.vn|disanvanhoa.gov.vn|bvhttdl.gov.vn|qdnd.vn|nhandan.vn|unesco.org|whc.unesco.org,by_event/ly-thuong-kiet-tap-kich-kham-chau-liem-chau-ung-chau
ly-nhan-tong-lap-quoc-tu-giam,Vua Lý Nhân Tông cho lập Quốc Tử Giám,Năm 1076,atomic,ancient_medieval,baotanglichsu.vn|disanvanhoa.gov.vn|bvhttdl.gov.vn|qdnd.vn|nhandan.vn|unesco.org|whc.unesco.org,by_event/ly-nhan-tong-lap-quoc-tu-giam
ga-cong-chua-thieu-dung-duong-tu-minh-1144,Gả Công chúa Thiều Dung cho Dương Tự Minh,Năm 1144,atomic,ancient_medieval,baotanglichsu.vn|disanvanhoa.gov.vn|bvhttdl.gov.vn|qdnd.vn|nhandan.vn|unesco.org|whc.unesco.org,by_event/ga-cong-chua-thieu-dung-duong-tu-minh-1144
cai-cach-tran-thu-do,Cải cách của Trần Thủ Độ,Thế kỉ XIII,atomic,ancient_medieval,baotanglichsu.vn|disanvanhoa.gov.vn|bvhttdl.gov.vn|qdnd.vn|nhandan.vn|unesco.org|whc.unesco.org,by_event/cai-cach-tran-thu-do
khang-chien-chong-quan-mong-co-1258,Kháng chiến chống quân Mông Cổ (lần 1),Năm 1258,atomic,ancient_medieval,baotanglichsu.vn|disanvanhoa.gov.vn|bvhttdl.gov.vn|qdnd.vn|nhandan.vn|unesco.org|whc.unesco.org,by_event/khang-chien-chong-quan-mong-co-1258
hoi-nghi-binh-than,Hội nghị Bình Than,Năm 1282,atomic,ancient_medieval,baotanglichsu.vn|disanvanhoa.gov.vn|bvhttdl.gov.vn|qdnd.vn|nhandan.vn|unesco.org|whc.unesco.org,by_event/hoi-nghi-binh-than
hoi-nghi-dien-hong,Hội nghị Diên Hồng,Năm 1285,atomic,ancient_medieval,baotanglichsu.vn|disanvanhoa.gov.vn|bvhttdl.gov.vn|qdnd.vn|nhandan.vn|unesco.org|whc.unesco.org,by_event/hoi-nghi-dien-hong
khang-chien-chong-quan-nguyen-1285,Kháng chiến chống quân Nguyên (lần 2),Năm 1285,atomic,ancient_medieval,baotanglichsu.vn|disanvanhoa.gov.vn|bvhttdl.gov.vn|qdnd.vn|nhandan.vn|unesco.org|whc.unesco.org,by_event/khang-chien-chong-quan-nguyen-1285
khung-hoang-cuoi-trieu-tran,Khủng hoảng cuối triều Trần,Cuối thế kỉ XIV,atomic,ancient_medieval,baotanglichsu.vn|disanvanhoa.gov.vn|bvhttdl.gov.vn|qdnd.vn|nhandan.vn|unesco.org|whc.unesco.org,by_event/khung-hoang-cuoi-trieu-tran
le-loi-xay-thanh-luc-nien,Lê Lợi xây thành Lục Niên,thế kỉ XV,atomic,ancient_medieval,baotanglichsu.vn|disanvanhoa.gov.vn|bvhttdl.gov.vn|qdnd.vn|nhandan.vn|unesco.org|whc.unesco.org,by_event/le-loi-xay-thanh-luc-nien
nha-minh-xam-luoc-dai-ngu,Nhà Minh xâm lược Đại Ngu,Giữa lúc công cuộc cải cách của nhà Hồ đang thực hiện (đầu thế kỉ XV),atomic,ancient_medieval,baotanglichsu.vn|disanvanhoa.gov.vn|bvhttdl.gov.vn|qdnd.vn|nhandan.vn|unesco.org|whc.unesco.org,by_event/nha-minh-xam-luoc-dai-ngu
khang-chien-chong-quan-minh-nha-ho,Kháng chiến chống quân Minh của nhà Hồ,1406 - 1407,collection,ancient_medieval,baotanglichsu.vn|disanvanhoa.gov.vn|bvhttdl.gov.vn|qdnd.vn|nhandan.vn|unesco.org|whc.unesco.org,by_event/khang-chien-chong-quan-minh-nha-ho
nha-minh-thong-tri-huy-diet-van-minh-dai-viet,Nhà Minh thống trị Đại Việt và chính sách huỷ diệt văn minh,Từ năm 1407 đến năm 1427,atomic,ancient_medieval,baotanglichsu.vn|disanvanhoa.gov.vn|bvhttdl.gov.vn|qdnd.vn|nhandan.vn|unesco.org|whc.unesco.org,by_event/nha-minh-thong-tri-huy-diet-van-minh-dai-viet
hoi-the-lung-nhai,Hội thề Lũng Nhai,Năm 1416,atomic,ancient_medieval,baotanglichsu.vn|disanvanhoa.gov.vn|bvhttdl.gov.vn|qdnd.vn|nhandan.vn|unesco.org|whc.unesco.org,by_event/hoi-the-lung-nhai
hoi-the-dong-quan,Hội thề Đông Quan,Tháng 12 - 1427,atomic,ancient_medieval,baotanglichsu.vn|disanvanhoa.gov.vn|bvhttdl.gov.vn|qdnd.vn|nhandan.vn|unesco.org|whc.unesco.org,by_event/hoi-the-dong-quan
le-nghi-dan-dat-luc-bo,Lê Nghi Dân đặt Lục bộ,Năm 1460,atomic,ancient_medieval,baotanglichsu.vn|disanvanhoa.gov.vn|bvhttdl.gov.vn|qdnd.vn|nhandan.vn|unesco.org|whc.unesco.org,by_event/le-nghi-dan-dat-luc-bo
cai-to-he-thong-quan-doi-le-thanh-tong,Cải tổ hệ thống quân đội dưới thời Lê Thánh Tông,Năm 1466,atomic,ancient_medieval,baotanglichsu.vn|disanvanhoa.gov.vn|bvhttdl.gov.vn|qdnd.vn|nhandan.vn|unesco.org|whc.unesco.org,by_event/cai-to-he-thong-quan-doi-le-thanh-tong
dat-them-thua-tuyen-quang-nam,Đặt thêm thừa tuyên Quảng Nam,Năm 1471,atomic,ancient_medieval,baotanglichsu.vn|disanvanhoa.gov.vn|bvhttdl.gov.vn|qdnd.vn|nhandan.vn|unesco.org|whc.unesco.org,by_event/dat-them-thua-tuyen-quang-nam
ban-hanh-chinh-sach-loc-dien-quan-dien,Ban hành chính sách lộc điền và quân điền,Năm 1477,atomic,ancient_medieval,baotanglichsu.vn|disanvanhoa.gov.vn|bvhttdl.gov.vn|qdnd.vn|nhandan.vn|unesco.org|whc.unesco.org,by_event/ban-hanh-chinh-sach-loc-dien-quan-dien
doi-moi-dao-duy-tu-dang-trong,Sự nghiệp đổi mới của Đào Duy Từ ở Đàng Trong,Thế kỉ XVI,atomic,early_modern,baotanglichsu.vn|luutru.gov.vn|disanvanhoa.gov.vn|nhandan.vn|qdnd.vn,by_event/doi-moi-dao-duy-tu-dang-trong
nha-mac-thanh-lap,Nhà Mạc thành lập,Năm 1527,atomic,early_modern,baotanglichsu.vn|luutru.gov.vn|disanvanhoa.gov.vn|nhandan.vn|qdnd.vn,by_event/nha-mac-thanh-lap
giao-si-phuong-tay-truyen-dao-cong-giao,Giáo sĩ phương Tây truyền đạo Công giáo ở Nam Định,Năm 1533,atomic,early_modern,baotanglichsu.vn|luutru.gov.vn|disanvanhoa.gov.vn|nhandan.vn|qdnd.vn,by_event/giao-si-phuong-tay-truyen-dao-cong-giao
giang-van-minh-di-su-nha-minh,Giang Văn Minh đi sứ nhà Minh,Năm 1637,atomic,early_modern,baotanglichsu.vn|luutru.gov.vn|disanvanhoa.gov.vn|nhandan.vn|qdnd.vn,by_event/giang-van-minh-di-su-nha-minh
cai-cach-trinh-cuong-dang-ngoai,Cải cách của Trịnh Cương ở Đàng Ngoài,Thế kỉ XVIII,atomic,early_modern,baotanglichsu.vn|luutru.gov.vn|disanvanhoa.gov.vn|nhandan.vn|qdnd.vn,by_event/cai-cach-trinh-cuong-dang-ngoai
nguyen-hue-dung-chan-chieu-mo-binh-si,Nguyễn Huệ dừng chân chiêu mộ binh sĩ,cuối thế kỉ XVIII,atomic,early_modern,baotanglichsu.vn|luutru.gov.vn|disanvanhoa.gov.vn|nhandan.vn|qdnd.vn,by_event/nguyen-hue-dung-chan-chieu-mo-binh-si
phong-trao-tay-son-bung-no,Phong trào Tây Sơn bùng nổ,Cuối thế kỉ XVIII,atomic,early_modern,baotanglichsu.vn|luutru.gov.vn|disanvanhoa.gov.vn|nhandan.vn|qdnd.vn,by_event/phong-trao-tay-son-bung-no
thanh-lap-lang-xa-huyen-tien-hai-thai-binh,Thành lập làng xã thuộc huyện Tiền Hải (Thái Bình),Đầu thế kỉ XIX,atomic,early_modern,baotanglichsu.vn|luutru.gov.vn|disanvanhoa.gov.vn|nhandan.vn|qdnd.vn,by_event/thanh-lap-lang-xa-huyen-tien-hai-thai-binh
bac-thanh-duoc-lap,Bắc Thành được lập,1802 - 1831,atomic,early_modern,baotanglichsu.vn|luutru.gov.vn|disanvanhoa.gov.vn|nhandan.vn|qdnd.vn,by_event/bac-thanh-duoc-lap
thoi-gia-long-tri-vi,Thời Gia Long trị vì,1802 - 1820,atomic,early_modern,baotanglichsu.vn|luutru.gov.vn|disanvanhoa.gov.vn|nhandan.vn|qdnd.vn,by_event/thoi-gia-long-tri-vi
trieu-nguyen-thanh-lap,Triều Nguyễn được thành lập,Năm 1802,atomic,early_modern,baotanglichsu.vn|luutru.gov.vn|disanvanhoa.gov.vn|nhandan.vn|qdnd.vn,by_event/trieu-nguyen-thanh-lap
gia-dinh-thanh-duoc-lap,Gia Định Thành được lập,1808 - 1832,atomic,early_modern,baotanglichsu.vn|luutru.gov.vn|disanvanhoa.gov.vn|nhandan.vn|qdnd.vn,by_event/gia-dinh-thanh-duoc-lap
doi-dinh-quang-duc-thanh-phu-thua-thien,Đổi dinh Quảng Đức thành phủ Thừa Thiên,Năm 1822,atomic,early_modern,baotanglichsu.vn|luutru.gov.vn|disanvanhoa.gov.vn|nhandan.vn|qdnd.vn,by_event/doi-dinh-quang-duc-thanh-phu-thua-thien
doi-cac-doanh-quang-binh-quang-tri-quang-nam-thanh-tran,"Đổi các doanh Quảng Bình, Quảng Trị, Quảng Nam thành trấn",Năm 1827,atomic,early_modern,baotanglichsu.vn|luutru.gov.vn|disanvanhoa.gov.vn|nhandan.vn|qdnd.vn,by_event/doi-cac-doanh-quang-binh-quang-tri-quang-nam-thanh-tran
phap-xam-luoc-viet-nam,Thực dân Pháp xâm lược và từng bước áp đặt ách cai trị ở Việt Nam,Giữa thế kỉ XIX,atomic,early_modern,baotanglichsu.vn|luutru.gov.vn|disanvanhoa.gov.vn|nhandan.vn|qdnd.vn,by_event/phap-xam-luoc-viet-nam
do-dac-cam-moc-chu-quyen-hoang-sa-pham-huu-nhat,"Đo đạc, cắm mốc chủ quyền Hoàng Sa của Phạm Hữu Nhật",Ngày 1 tháng Giêng năm 1836,atomic,maritime,mofa.gov.vn|biengioilanhtho.gov.vn|mod.gov.vn|qdnd.vn|chinhphu.vn|vietnamplus.vn|luutru.gov.vn,by_event/do-dac-cam-moc-chu-quyen-hoang-sa-pham-huu-nhat
thi-diem-chia-lai-ruong-dat-minh-mang,Thí điểm chia lại ruộng đất dưới thời Minh Mạng,1837 - 1840,atomic,early_modern,baotanglichsu.vn|luutru.gov.vn|disanvanhoa.gov.vn|nhandan.vn|qdnd.vn,by_event/thi-diem-chia-lai-ruong-dat-minh-mang
chu-quyen-bien-dao-viet-nam-1858-1918,Chủ quyền biển đảo Việt Nam 1858-1918,Chủ quyền biển đảo Việt Nam 1858-1918,collection,colonial,baotanglichsu.vn|luutru.gov.vn|hochiminh.vn|nhandan.vn|qdnd.vn|vietnamplus.vn|gallica.bnf.fr|loc.gov,by_event/chu-quyen-bien-dao-viet-nam-1858-1918
khang-chien-chong-thuc-dan-phap-trieu-nguyen,Kháng chiến chống thực dân Pháp của triều Nguyễn,1858 – 1884,atomic,colonial,baotanglichsu.vn|luutru.gov.vn|hochiminh.vn|nhandan.vn|qdnd.vn|vietnamplus.vn|gallica.bnf.fr|loc.gov,by_event/khang-chien-chong-thuc-dan-phap-trieu-nguyen
phap-xam-chiem-dong-duong,Pháp xâm chiếm ba nước Đông Dương,1858-1893,atomic,colonial,baotanglichsu.vn|luutru.gov.vn|hochiminh.vn|nhandan.vn|qdnd.vn|vietnamplus.vn|gallica.bnf.fr|loc.gov,by_event/phap-xam-chiem-dong-duong
phong-trao-chong-thuc-dan-phap-xam-luoc-o-viet-nam,Phong trào chống thực dân Pháp xâm lược ở Việt Nam,1858 - khoảng 1884,atomic,colonial,baotanglichsu.vn|luutru.gov.vn|hochiminh.vn|nhandan.vn|qdnd.vn|vietnamplus.vn|gallica.bnf.fr|loc.gov,by_event/phong-trao-chong-thuc-dan-phap-xam-luoc-o-viet-nam
khoi-nghia-cua-pu-com-bo,Khởi nghĩa của Pu-côm-bô,1866-1867,atomic,colonial,baotanglichsu.vn|luutru.gov.vn|hochiminh.vn|nhandan.vn|qdnd.vn|vietnamplus.vn|gallica.bnf.fr|loc.gov,by_event/khoi-nghia-cua-pu-com-bo
phap-chiem-sau-tinh-nam-ki,Pháp chiếm sáu tỉnh Nam Kì,Năm 1867,atomic,colonial,baotanglichsu.vn|luutru.gov.vn|hochiminh.vn|nhandan.vn|qdnd.vn|vietnamplus.vn|gallica.bnf.fr|loc.gov,by_event/phap-chiem-sau-tinh-nam-ki
vuong-thuc-mau-khoi-nghia-can-vuong,Vương Thúc Mậu khởi nghĩa hưởng ứng Dụ Cần vương,cuối thế kỉ XIX,atomic,colonial,baotanglichsu.vn|luutru.gov.vn|hochiminh.vn|nhandan.vn|qdnd.vn|vietnamplus.vn|gallica.bnf.fr|loc.gov,by_event/vuong-thuc-mau-khoi-nghia-can-vuong
phap-chiem-bac-ki-lan-1,Pháp đánh chiếm Bắc Kì lần thứ nhất,Năm 1873,atomic,colonial,baotanglichsu.vn|luutru.gov.vn|hochiminh.vn|nhandan.vn|qdnd.vn|vietnamplus.vn|gallica.bnf.fr|loc.gov,by_event/phap-chiem-bac-ki-lan-1
phap-chiem-bac-ki-lan-2,Pháp đánh chiếm Bắc Kì lần thứ hai,Năm 1882,atomic,colonial,baotanglichsu.vn|luutru.gov.vn|hochiminh.vn|nhandan.vn|qdnd.vn|vietnamplus.vn|gallica.bnf.fr|loc.gov,by_event/phap-chiem-bac-ki-lan-2
hiep-uoc-hac-mang,Hiệp ước Hác-măng,Năm 1883,atomic,colonial,baotanglichsu.vn|luutru.gov.vn|hochiminh.vn|nhandan.vn|qdnd.vn|vietnamplus.vn|gallica.bnf.fr|loc.gov,by_event/hiep-uoc-hac-mang
hiep-uoc-pa-to-not,Hiệp ước Pa-tơ-nốt,Năm 1884,atomic,colonial,baotanglichsu.vn|luutru.gov.vn|hochiminh.vn|nhandan.vn|qdnd.vn|vietnamplus.vn|gallica.bnf.fr|loc.gov,by_event/hiep-uoc-pa-to-not
trung-quoc-tu-choi-boi-thuong-vu-tau-dam-hoang-sa,Trung Quốc từ chối bồi thường vụ tàu đắm ở Hoàng Sa,Năm 1898,atomic,maritime,mofa.gov.vn|biengioilanhtho.gov.vn|mod.gov.vn|qdnd.vn|chinhphu.vn|vietnamplus.vn|luutru.gov.vn,by_event/trung-quoc-tu-choi-boi-thuong-vu-tau-dam-hoang-sa
phong-trao-dong-du,Phong trào Đông du,Đầu thế kỉ XX,atomic,colonial,baotanglichsu.vn|luutru.gov.vn|hochiminh.vn|nhandan.vn|qdnd.vn|vietnamplus.vn|gallica.bnf.fr|loc.gov,by_event/phong-trao-dong-du
hoat-dong-doi-ngoai-phan-boi-chau,Hoạt động đối ngoại của Phan Bội Châu,1905 - 1912,atomic,colonial,baotanglichsu.vn|luutru.gov.vn|hochiminh.vn|nhandan.vn|qdnd.vn|vietnamplus.vn|gallica.bnf.fr|loc.gov,by_event/hoat-dong-doi-ngoai-phan-boi-chau
phan-boi-chau-sang-nhat-ban-1905,Phan Bội Châu sang Nhật Bản,Đầu năm 1905,atomic,colonial,baotanglichsu.vn|luutru.gov.vn|hochiminh.vn|nhandan.vn|qdnd.vn|vietnamplus.vn|gallica.bnf.fr|loc.gov,by_event/phan-boi-chau-sang-nhat-ban-1905
nguyen-tat-thanh-tham-gia-chong-thue-hue,Nguyễn Tất Thành tham gia phong trào chống thuế ở Huế,Năm 1908,atomic,colonial,baotanglichsu.vn|luutru.gov.vn|hochiminh.vn|nhandan.vn|qdnd.vn|vietnamplus.vn|gallica.bnf.fr|loc.gov,by_event/nguyen-tat-thanh-tham-gia-chong-thue-hue
thanh-lap-lien-minh-dong-a-1908,Thành lập Điền – Quế -Việt liên minh và Đông Á đồng minh,Năm 1908,atomic,colonial,baotanglichsu.vn|luutru.gov.vn|hochiminh.vn|nhandan.vn|qdnd.vn|vietnamplus.vn|gallica.bnf.fr|loc.gov,by_event/thanh-lap-lien-minh-dong-a-1908
nguyen-tat-thanh-roi-phan-thiet-vao-sai-gon,Nguyễn Tất Thành rời Phan Thiết vào Sài Gòn,Tháng 2-1911,atomic,colonial,baotanglichsu.vn|luutru.gov.vn|hochiminh.vn|nhandan.vn|qdnd.vn|vietnamplus.vn|gallica.bnf.fr|loc.gov,by_event/nguyen-tat-thanh-roi-phan-thiet-vao-sai-gon
nguyen-tat-thanh-ra-di-tim-duong-cuu-nuoc,Nguyễn Tất Thành ra đi tìm đường cứu nước,5-6-1911,atomic,colonial,baotanglichsu.vn|luutru.gov.vn|hochiminh.vn|nhandan.vn|qdnd.vn|vietnamplus.vn|gallica.bnf.fr|loc.gov,by_event/nguyen-tat-thanh-ra-di-tim-duong-cuu-nuoc
hoat-dong-doi-ngoai-phan-chau-trinh,Hoạt động đối ngoại của Phan Châu Trinh,Từ năm 1911,atomic,colonial,baotanglichsu.vn|luutru.gov.vn|hochiminh.vn|nhandan.vn|qdnd.vn|vietnamplus.vn|gallica.bnf.fr|loc.gov,by_event/hoat-dong-doi-ngoai-phan-chau-trinh
phan-boi-chau-ve-trung-quoc-1911,Phan Bội Châu về hoạt động ở Trung Quốc,Năm 1911,atomic,colonial,baotanglichsu.vn|luutru.gov.vn|hochiminh.vn|nhandan.vn|qdnd.vn|vietnamplus.vn|gallica.bnf.fr|loc.gov,by_event/phan-boi-chau-ve-trung-quoc-1911
phan-chau-trinh-sang-phap-1911,Phan Châu Trinh sang Pháp,Năm 1911,atomic,colonial,baotanglichsu.vn|luutru.gov.vn|hochiminh.vn|nhandan.vn|qdnd.vn|vietnamplus.vn|gallica.bnf.fr|loc.gov,by_event/phan-chau-trinh-sang-phap-1911
thanh-lap-viet-nam-quang-phuc-hoi-1912,Thành lập Việt Nam Quang phục hội và Chấn Hoa Hưng Á,Đầu năm 1912,atomic,colonial,baotanglichsu.vn|luutru.gov.vn|hochiminh.vn|nhandan.vn|qdnd.vn|vietnamplus.vn|gallica.bnf.fr|loc.gov,by_event/thanh-lap-viet-nam-quang-phuc-hoi-1912
chu-quyen-bien-dao-viet-nam-1919-1945,Chủ quyền biển đảo Việt Nam 1919-1945,Chủ quyền biển đảo Việt Nam 1919-1945,collection,revolutionary,hochiminh.vn|tulieuvankien.dangcongsan.vn|dangcongsan.vn|baotanglichsu.vn|nhandan.vn|qdnd.vn|vietnamplus.vn|luutru.gov.vn,by_event/chu-quyen-bien-dao-viet-nam-1919-1945
nguyen-ai-quoc-gui-yeu-sach-vec-xai,Nguyễn Ái Quốc gửi Yêu sách của nhân dân An Nam đến Hội nghị Véc-xai,Năm 1919,atomic,revolutionary,hochiminh.vn|tulieuvankien.dangcongsan.vn|dangcongsan.vn|baotanglichsu.vn|nhandan.vn|qdnd.vn|vietnamplus.vn|luutru.gov.vn,by_event/nguyen-ai-quoc-gui-yeu-sach-vec-xai
nguyen-ai-quoc-doc-luan-cuong-le-nin,Nguyễn Ái Quốc đọc Sơ thảo lần thứ nhất những luận cương về vấn đề dân tộc và vấn đề thuộc địa của Lê-nin,Tháng 7 – 1920,atomic,revolutionary,hochiminh.vn|tulieuvankien.dangcongsan.vn|dangcongsan.vn|baotanglichsu.vn|nhandan.vn|qdnd.vn|vietnamplus.vn|luutru.gov.vn,by_event/nguyen-ai-quoc-doc-luan-cuong-le-nin
nguyen-ai-quoc-gia-nhap-quoc-te-cong-san-va-sang-lap-dang-cong-san-phap,Nguyễn Ái Quốc bỏ phiếu tán thành gia nhập Quốc tế Cộng sản và sáng lập Đảng Cộng sản Pháp,Tháng 12 - 1920,atomic,revolutionary,hochiminh.vn|tulieuvankien.dangcongsan.vn|dangcongsan.vn|baotanglichsu.vn|nhandan.vn|qdnd.vn|vietnamplus.vn|luutru.gov.vn,by_event/nguyen-ai-quoc-gia-nhap-quoc-te-cong-san-va-sang-lap-dang-cong-san-phap
nguyen-ai-quoc-hoat-dong-phap-1921-1923,Nguyễn Ái Quốc hoạt động ở Pháp,Từ năm 1921 đến tháng 6 – 1923,atomic,revolutionary,hochiminh.vn|tulieuvankien.dangcongsan.vn|dangcongsan.vn|baotanglichsu.vn|nhandan.vn|qdnd.vn|vietnamplus.vn|luutru.gov.vn,by_event/nguyen-ai-quoc-hoat-dong-phap-1921-1923
nguyen-ai-quoc-thanh-lap-hoi-lien-hiep-thuoc-dia-1921,Nguyễn Ái Quốc tham gia thành lập Hội Liên hiệp thuộc địa,Năm 1921,atomic,revolutionary,hochiminh.vn|tulieuvankien.dangcongsan.vn|dangcongsan.vn|baotanglichsu.vn|nhandan.vn|qdnd.vn|vietnamplus.vn|luutru.gov.vn,by_event/nguyen-ai-quoc-thanh-lap-hoi-lien-hiep-thuoc-dia-1921
nguyen-ai-quoc-thanh-lap-hoi-lien-hiep-thuoc-dia-va-bao-le-paria,Nguyễn Ái Quốc tham gia thành lập Hội liên hiệp thuộc địa và sáng lập tờ báo Le Paria,Giữa năm 1921,atomic,revolutionary,hochiminh.vn|tulieuvankien.dangcongsan.vn|dangcongsan.vn|baotanglichsu.vn|nhandan.vn|qdnd.vn|vietnamplus.vn|luutru.gov.vn,by_event/nguyen-ai-quoc-thanh-lap-hoi-lien-hiep-thuoc-dia-va-bao-le-paria
nguyen-ai-quoc-den-lien-xo-1923,Nguyễn Ái Quốc đến Liên Xô và tham gia Quốc tế Cộng sản,Tháng 6-1923,atomic,revolutionary,hochiminh.vn|tulieuvankien.dangcongsan.vn|dangcongsan.vn|baotanglichsu.vn|nhandan.vn|qdnd.vn|vietnamplus.vn|luutru.gov.vn,by_event/nguyen-ai-quoc-den-lien-xo-1923
thanh-lap-hoi-lien-hiep-cac-dan-toc-bi-ap-buc-a-dong-1925,Nguyễn Ái Quốc tham gia thành lập Hội Liên hiệp các dân tộc bị áp bức ở Á Đông,Tháng 7 – 1925,atomic,revolutionary,hochiminh.vn|tulieuvankien.dangcongsan.vn|dangcongsan.vn|baotanglichsu.vn|nhandan.vn|qdnd.vn|vietnamplus.vn|luutru.gov.vn,by_event/thanh-lap-hoi-lien-hiep-cac-dan-toc-bi-ap-buc-a-dong-1925
nguyen-ai-quoc-hoat-dong-chau-au-siam-1927-1929,"Nguyễn Ái Quốc hoạt động cách mạng ở Pháp, Bỉ, Đức, Xiêm",Từ giữa năm 1927 đến cuối năm 1929,atomic,revolutionary,hochiminh.vn|tulieuvankien.dangcongsan.vn|dangcongsan.vn|baotanglichsu.vn|nhandan.vn|qdnd.vn|vietnamplus.vn|luutru.gov.vn,by_event/nguyen-ai-quoc-hoat-dong-chau-au-siam-1927-1929
su-ra-doi-cua-ba-to-chuc-cong-san-viet-nam,Sự ra đời của ba tổ chức cộng sản ở Việt Nam,Năm 1929,atomic,revolutionary,hochiminh.vn|tulieuvankien.dangcongsan.vn|dangcongsan.vn|baotanglichsu.vn|nhandan.vn|qdnd.vn|vietnamplus.vn|luutru.gov.vn,by_event/su-ra-doi-cua-ba-to-chuc-cong-san-viet-nam
hoi-nghi-thanh-lap-dang-cong-san-viet-nam,Nguyễn Ái Quốc triệu tập và chủ trì Hội nghị thành lập Đảng Cộng sản Việt Nam,Ngày 6 – 1 – 1930,atomic,revolutionary,hochiminh.vn|tulieuvankien.dangcongsan.vn|dangcongsan.vn|baotanglichsu.vn|nhandan.vn|qdnd.vn|vietnamplus.vn|luutru.gov.vn,by_event/hoi-nghi-thanh-lap-dang-cong-san-viet-nam
thanh-lap-mat-tran-dan-toc-thong-nhat-viet-nam-1930,Thành lập Mặt trận Dân tộc Thống nhất Việt Nam (Hội Phản đế Đồng minh),Ngày 18 – 11 – 1930,atomic,revolutionary,hochiminh.vn|tulieuvankien.dangcongsan.vn|dangcongsan.vn|baotanglichsu.vn|nhandan.vn|qdnd.vn|vietnamplus.vn|luutru.gov.vn,by_event/thanh-lap-mat-tran-dan-toc-thong-nhat-viet-nam-1930
hoat-dong-doi-ngoai-dang-cong-san-dong-duong-1930-1945,Hoạt động đối ngoại của Đảng Cộng sản Đông Dương,1930 – 1945,atomic,revolutionary,hochiminh.vn|tulieuvankien.dangcongsan.vn|dangcongsan.vn|baotanglichsu.vn|nhandan.vn|qdnd.vn|vietnamplus.vn|luutru.gov.vn,by_event/hoat-dong-doi-ngoai-dang-cong-san-dong-duong-1930-1945
thanh-lap-cac-dang-cong-san-o-viet-nam-ma-lai-xiem-phi-lip-pin,"Thành lập các đảng cộng sản ở Việt Nam, Mã Lai, Xiêm, Phi-líp-pin",Trong những năm 30 của thế kỉ XX,atomic,revolutionary,hochiminh.vn|tulieuvankien.dangcongsan.vn|dangcongsan.vn|baotanglichsu.vn|nhandan.vn|qdnd.vn|vietnamplus.vn|luutru.gov.vn,by_event/thanh-lap-cac-dang-cong-san-o-viet-nam-ma-lai-xiem-phi-lip-pin
nguyen-ai-quoc-hoat-dong-lien-xo-1933,Nguyễn Ái Quốc hoạt động tại Liên Xô,Năm 1933,atomic,revolutionary,hochiminh.vn|tulieuvankien.dangcongsan.vn|dangcongsan.vn|baotanglichsu.vn|nhandan.vn|qdnd.vn|vietnamplus.vn|luutru.gov.vn,by_event/nguyen-ai-quoc-hoat-dong-lien-xo-1933
nguyen-ai-quoc-roi-lien-xo-tro-lai-trung-quoc,Nguyễn Ái Quốc rời Liên Xô trở lại Trung Quốc,Năm 1938,atomic,revolutionary,hochiminh.vn|tulieuvankien.dangcongsan.vn|dangcongsan.vn|baotanglichsu.vn|nhandan.vn|qdnd.vn|vietnamplus.vn|luutru.gov.vn,by_event/nguyen-ai-quoc-roi-lien-xo-tro-lai-trung-quoc
phap-gui-cong-ham-phan-doi-nhat-ban-kiem-soat-truong-sa,Pháp gửi công hàm phản đối Nhật Bản kiểm soát một số đảo thuộc quần đảo Trường Sa,Năm 1939,atomic,maritime,mofa.gov.vn|biengioilanhtho.gov.vn|mod.gov.vn|qdnd.vn|chinhphu.vn|vietnamplus.vn|luutru.gov.vn,by_event/phap-gui-cong-ham-phan-doi-nhat-ban-kiem-soat-truong-sa
nguyen-ai-quoc-tro-ve-nuoc,Nguyễn Ái Quốc trở về nước,Ngày 28-1-1941,atomic,revolutionary,hochiminh.vn|tulieuvankien.dangcongsan.vn|dangcongsan.vn|baotanglichsu.vn|nhandan.vn|qdnd.vn|vietnamplus.vn|luutru.gov.vn,by_event/nguyen-ai-quoc-tro-ve-nuoc
hoi-nghi-lan-thu-8-ban-chap-hanh-trung-uong-dang-cong-san-dong-duong,Hội nghị lần thứ 8 Ban Chấp hành Trung ương Đảng Cộng sản Đông Dương,Từ ngày 10 đến ngày 19-5-1941,atomic,revolutionary,hochiminh.vn|tulieuvankien.dangcongsan.vn|dangcongsan.vn|baotanglichsu.vn|nhandan.vn|qdnd.vn|vietnamplus.vn|luutru.gov.vn,by_event/hoi-nghi-lan-thu-8-ban-chap-hanh-trung-uong-dang-cong-san-dong-duong
thanh-lap-mat-tran-viet-nam-doc-lap-dong-minh-viet-minh,Thành lập Mặt trận Việt Nam Độc lập Đồng minh (Mặt trận Việt Minh),19-5-1941,atomic,revolutionary,hochiminh.vn|tulieuvankien.dangcongsan.vn|dangcongsan.vn|baotanglichsu.vn|nhandan.vn|qdnd.vn|vietnamplus.vn|luutru.gov.vn,by_event/thanh-lap-mat-tran-viet-nam-doc-lap-dong-minh-viet-minh
thanh-lap-tieu-doi-du-kich-thoat-li-dau-tien-o-cao-bang,Thành lập Tiểu đội du kích thoát li đầu tiên ở Cao Bằng,Tháng 11 – 1941,atomic,revolutionary,hochiminh.vn|tulieuvankien.dangcongsan.vn|dangcongsan.vn|baotanglichsu.vn|nhandan.vn|qdnd.vn|vietnamplus.vn|luutru.gov.vn,by_event/thanh-lap-tieu-doi-du-kich-thoat-li-dau-tien-o-cao-bang
ho-chi-minh-di-trung-quoc-phoi-hop-chong-nhat,Hồ Chí Minh đi Trung Quốc để tìm cách phối hợp hành động với phong trào chống Nhật và các lực lượng Đồng minh,Tháng 8 – 1942,atomic,revolutionary,hochiminh.vn|tulieuvankien.dangcongsan.vn|dangcongsan.vn|baotanglichsu.vn|nhandan.vn|qdnd.vn|vietnamplus.vn|luutru.gov.vn,by_event/ho-chi-minh-di-trung-quoc-phoi-hop-chong-nhat
ho-chi-minh-sang-trung-quoc-1942,"Nguyễn Ái Quốc lấy tên là Hồ Chí Minh, sang Trung Quốc",Tháng 8 – 1942,atomic,revolutionary,hochiminh.vn|tulieuvankien.dangcongsan.vn|dangcongsan.vn|baotanglichsu.vn|nhandan.vn|qdnd.vn|vietnamplus.vn|luutru.gov.vn,by_event/ho-chi-minh-sang-trung-quoc-1942
ho-chi-minh-tro-ve-nuoc-1944,Hồ Chí Minh trở về nước tiếp tục lãnh đạo cách mạng,Tháng 9 – 1944,atomic,revolutionary,hochiminh.vn|tulieuvankien.dangcongsan.vn|dangcongsan.vn|baotanglichsu.vn|nhandan.vn|qdnd.vn|vietnamplus.vn|luutru.gov.vn,by_event/ho-chi-minh-tro-ve-nuoc-1944
chi-thi-thanh-lap-doi-viet-nam-tuyen-truyen-giai-phong-quan,Chỉ thị thành lập Đội Việt Nam Tuyên truyền Giải phóng quân,22 – 12 – 1944,atomic,revolutionary,hochiminh.vn|tulieuvankien.dangcongsan.vn|dangcongsan.vn|baotanglichsu.vn|nhandan.vn|qdnd.vn|vietnamplus.vn|luutru.gov.vn,by_event/chi-thi-thanh-lap-doi-viet-nam-tuyen-truyen-giai-phong-quan
ho-chi-minh-sang-con-minh-tim-su-ung-ho-quoc-te,Hồ Chí Minh sang Côn Minh (Trung Quốc) tìm kiếm sự ủng hộ quốc tế,Tháng 2-1945,atomic,revolutionary,hochiminh.vn|tulieuvankien.dangcongsan.vn|dangcongsan.vn|baotanglichsu.vn|nhandan.vn|qdnd.vn|vietnamplus.vn|luutru.gov.vn,by_event/ho-chi-minh-sang-con-minh-tim-su-ung-ho-quoc-te
cao-trao-khang-nhat-cuu-nuoc,"Cao trào kháng Nhật, cứu nước",Từ tháng 3 đến tháng 8 – 1945,atomic,revolutionary,hochiminh.vn|tulieuvankien.dangcongsan.vn|dangcongsan.vn|baotanglichsu.vn|nhandan.vn|qdnd.vn|vietnamplus.vn|luutru.gov.vn,by_event/cao-trao-khang-nhat-cuu-nuoc
viet-minh-hop-tac-oss-1945,Việt Minh hợp tác với Cơ quan Tình báo chiến lược Mỹ (OSS),Cuối tháng 4 – 1945,atomic,revolutionary,hochiminh.vn|tulieuvankien.dangcongsan.vn|dangcongsan.vn|baotanglichsu.vn|nhandan.vn|qdnd.vn|vietnamplus.vn|luutru.gov.vn,by_event/viet-minh-hop-tac-oss-1945
hoi-nghi-pot-xdam,Hội nghị Pốt-xđam,Từ ngày 17-7 – 1945 đến ngày 2 – 8 – 1945,atomic,revolutionary,hochiminh.vn|tulieuvankien.dangcongsan.vn|dangcongsan.vn|baotanglichsu.vn|nhandan.vn|qdnd.vn|vietnamplus.vn|luutru.gov.vn,by_event/hoi-nghi-pot-xdam
uy-ban-khoi-nghia-ban-bo-quan-lenh-so-1,"Trung ương Đảng và Tổng bộ Việt Minh thành lập Uỷ ban Khởi nghĩa toàn quốc, ban bố Quân lệnh số 1",Ngày 13-8-1945,atomic,revolutionary,hochiminh.vn|tulieuvankien.dangcongsan.vn|dangcongsan.vn|baotanglichsu.vn|nhandan.vn|qdnd.vn|vietnamplus.vn|luutru.gov.vn,by_event/uy-ban-khoi-nghia-ban-bo-quan-lenh-so-1
cach-mang-thang-tam-nam-1945,Cách mạng tháng Tám năm 1945,Tháng 8 – 9 năm 1945,collection,revolutionary,hochiminh.vn|tulieuvankien.dangcongsan.vn|dangcongsan.vn|baotanglichsu.vn|nhandan.vn|qdnd.vn|vietnamplus.vn|luutru.gov.vn,by_event/cach-mang-thang-tam-nam-1945
hoi-nghi-toan-quoc-cua-dang-cong-san-dong-duong-1945,Hội nghị toàn quốc của Đảng Cộng sản Đông Dương,Từ ngày 14 đến ngày 15-8-1945,atomic,revolutionary,hochiminh.vn|tulieuvankien.dangcongsan.vn|dangcongsan.vn|baotanglichsu.vn|nhandan.vn|qdnd.vn|vietnamplus.vn|luutru.gov.vn,by_event/hoi-nghi-toan-quoc-cua-dang-cong-san-dong-duong-1945
hoi-nghi-toan-quoc-cua-dang-tan-trao,Hội nghị toàn quốc của Đảng họp ở Tân Trào,"Ngày 14, 15-8 – 1945",atomic,revolutionary,hochiminh.vn|tulieuvankien.dangcongsan.vn|dangcongsan.vn|baotanglichsu.vn|nhandan.vn|qdnd.vn|vietnamplus.vn|luutru.gov.vn,by_event/hoi-nghi-toan-quoc-cua-dang-tan-trao
nhat-ban-tuyen-bo-dau-hang-dong-minh,Nhật Bản tuyên bố đầu hàng Đồng minh không điều kiện,Ngày 15 – 8 – 1945,atomic,revolutionary,hochiminh.vn|tulieuvankien.dangcongsan.vn|dangcongsan.vn|baotanglichsu.vn|nhandan.vn|qdnd.vn|vietnamplus.vn|luutru.gov.vn,by_event/nhat-ban-tuyen-bo-dau-hang-dong-minh
giai-phong-thi-xa-thai-nguyen,Giải phóng thị xã Thái Nguyên,Chiều ngày 16 – 8 – 1945,atomic,revolutionary,hochiminh.vn|tulieuvankien.dangcongsan.vn|dangcongsan.vn|baotanglichsu.vn|nhandan.vn|qdnd.vn|vietnamplus.vn|luutru.gov.vn,by_event/giai-phong-thi-xa-thai-nguyen
cac-tinh-gianh-chinh-quyen-som-nhat,"Nhân dân Bắc Giang, Hải Dương, Hà Tĩnh và Quảng Nam giành được chính quyền",Ngày 18-8-1945,atomic,revolutionary,hochiminh.vn|tulieuvankien.dangcongsan.vn|dangcongsan.vn|baotanglichsu.vn|nhandan.vn|qdnd.vn|vietnamplus.vn|luutru.gov.vn,by_event/cac-tinh-gianh-chinh-quyen-som-nhat
khoi-nghia-gianh-chinh-quyen-hue,Khởi nghĩa giành chính quyền tại Huế,Ngày 23 – 8,atomic,revolutionary,hochiminh.vn|tulieuvankien.dangcongsan.vn|dangcongsan.vn|baotanglichsu.vn|nhandan.vn|qdnd.vn|vietnamplus.vn|luutru.gov.vn,by_event/khoi-nghia-gianh-chinh-quyen-hue
cac-dia-phuong-cuoi-cung-gianh-chinh-quyen,Đồng Nai Thượng và Hà Tiên là những địa phương cuối cùng giành chính quyền,Đến ngày 28 - 8,atomic,revolutionary,hochiminh.vn|tulieuvankien.dangcongsan.vn|dangcongsan.vn|baotanglichsu.vn|nhandan.vn|qdnd.vn|vietnamplus.vn|luutru.gov.vn,by_event/cac-dia-phuong-cuoi-cung-gianh-chinh-quyen
tong-khoi-nghia-gianh-chinh-quyen,Tổng khởi nghĩa giành chính quyền thắng lợi,Tháng 8 – 1945,atomic,revolutionary,hochiminh.vn|tulieuvankien.dangcongsan.vn|dangcongsan.vn|baotanglichsu.vn|nhandan.vn|qdnd.vn|vietnamplus.vn|luutru.gov.vn,by_event/tong-khoi-nghia-gianh-chinh-quyen
phap-xa-sung-sai-gon-cho-lon-1945,Quân Pháp xả súng vào đồng bào Sài Gòn – Chợ Lớn,Ngày 2-9-1945,atomic,war_1945_1975,btlsqsvn.org.vn|qdnd.vn|nhandan.vn|vietnamplus.vn|hochiminh.vn|baotanglichsu.vn|luutru.gov.vn|loc.gov|archives.gov,by_event/phap-xa-sung-sai-gon-cho-lon-1945
phap-danh-up-uy-ban-hanh-chinh-nam-bo-1945,Thực dân Pháp đánh úp trụ sở Uỷ ban hành chính Nam Bộ và cơ quan tự vệ thành phố Sài Gòn,"Đêm 22, rạng sáng 23 – 9 – 1945",atomic,war_1945_1975,btlsqsvn.org.vn|qdnd.vn|nhandan.vn|vietnamplus.vn|hochiminh.vn|baotanglichsu.vn|luutru.gov.vn|loc.gov|archives.gov,by_event/phap-danh-up-uy-ban-hanh-chinh-nam-bo-1945
thanh-lap-uy-ban-khang-chien-nam-bo-1945,Thành lập Uỷ ban kháng chiến Nam Bộ,Ngày 23 - 9 - 1945,atomic,war_1945_1975,btlsqsvn.org.vn|qdnd.vn|nhandan.vn|vietnamplus.vn|hochiminh.vn|baotanglichsu.vn|luutru.gov.vn|loc.gov|archives.gov,by_event/thanh-lap-uy-ban-khang-chien-nam-bo-1945
ho-chi-minh-gui-thu-toi-chu-tich-hoi-dong-lien-hop-quoc,Chủ tịch Hồ Chí Minh gửi thư tới Chủ tịch Hội đồng Liên hợp quốc và nguyên thủ các nước lớn,Sau Cách mạng tháng Tám thành công (1945),atomic,diplomacy,mofa.gov.vn|chinhphu.vn|vietnamplus.vn|nhandan.vn|un.org|asean.org|apec.org|europa.eu,by_event/ho-chi-minh-gui-thu-toi-chu-tich-hoi-dong-lien-hop-quoc
ho-chi-minh-keu-goi-nhuong-com-se-ao-tang-gia-san-xuat,Chủ tịch Hồ Chí Minh kêu gọi nhân dân cả nước “Nhường cơm sẻ áo” và “Tăng gia sản xuất”,Những năm 1945 – 1946,atomic,revolutionary,hochiminh.vn|tulieuvankien.dangcongsan.vn|dangcongsan.vn|baotanglichsu.vn|nhandan.vn|qdnd.vn|vietnamplus.vn|luutru.gov.vn,by_event/ho-chi-minh-keu-goi-nhuong-com-se-ao-tang-gia-san-xuat
ho-chi-minh-ki-sac-lenh-thanh-lap-nha-binh-dan-hoc-vu-va-quy-doc-lap,"Chủ tịch Hồ Chí Minh kí sắc lệnh thành lập Nha Bình dân học vụ và thành lập Quỹ Độc lập, kêu gọi hưởng ứng Tuần lễ vàng",Những năm 1945 – 1946,atomic,revolutionary,hochiminh.vn|tulieuvankien.dangcongsan.vn|dangcongsan.vn|baotanglichsu.vn|nhandan.vn|qdnd.vn|vietnamplus.vn|luutru.gov.vn,by_event/ho-chi-minh-ki-sac-lenh-thanh-lap-nha-binh-dan-hoc-vu-va-quy-doc-lap
hoat-dong-doi-ngoai-cua-vndcch-voi-trung-hoa-dan-quoc,Hoạt động đối ngoại của Việt Nam Dân chủ Cộng hoà với Trung Hoa Dân quốc,Khoảng năm 1945,atomic,revolutionary,hochiminh.vn|tulieuvankien.dangcongsan.vn|dangcongsan.vn|baotanglichsu.vn|nhandan.vn|qdnd.vn|vietnamplus.vn|luutru.gov.vn,by_event/hoat-dong-doi-ngoai-cua-vndcch-voi-trung-hoa-dan-quoc
khang-chien-chong-thuc-dan-phap-1945-1954,Cuộc kháng chiến chống thực dân Pháp,1945-1954,collection,war_1945_1975,btlsqsvn.org.vn|qdnd.vn|nhandan.vn|vietnamplus.vn|hochiminh.vn|baotanglichsu.vn|luutru.gov.vn|loc.gov|archives.gov,by_event/khang-chien-chong-thuc-dan-phap-1945-1954
khang-chien-chong-thuc-dan-phap-o-viet-nam-lao-cam-pu-chia,"Kháng chiến chống thực dân Pháp ở Việt Nam, Lào, Cam-pu-chia",1945 – 1954,atomic,revolutionary,hochiminh.vn|tulieuvankien.dangcongsan.vn|dangcongsan.vn|baotanglichsu.vn|nhandan.vn|qdnd.vn|vietnamplus.vn|luutru.gov.vn,by_event/khang-chien-chong-thuc-dan-phap-o-viet-nam-lao-cam-pu-chia
viet-nam-de-nghi-lien-hop-quoc-cong-nhan-vndcch,Việt Nam đề nghị Liên hợp quốc và các nước lớn công nhận Nhà nước Việt Nam Dân chủ Cộng hoà,Năm 1945,atomic,diplomacy,mofa.gov.vn|chinhphu.vn|vietnamplus.vn|nhandan.vn|un.org|asean.org|apec.org|europa.eu,by_event/viet-nam-de-nghi-lien-hop-quoc-cong-nhan-vndcch
ho-chi-minh-gui-loi-keu-goi-quoc-dan-di-bo-phieu,Chủ tịch Hồ Chí Minh gửi Lời kêu gọi quốc dân đi bỏ phiếu,Ngày 5 – 1 – 1946,atomic,war_1945_1975,btlsqsvn.org.vn|qdnd.vn|nhandan.vn|vietnamplus.vn|hochiminh.vn|baotanglichsu.vn|luutru.gov.vn|loc.gov|archives.gov,by_event/ho-chi-minh-gui-loi-keu-goi-quoc-dan-di-bo-phieu
ho-chi-minh-duoc-bau-chu-tich-nuoc-1946,Hồ Chí Minh được Quốc hội khoá I bầu làm Chủ tịch nước Việt Nam Dân chủ Cộng hoà,Tháng 1 – 1946,atomic,war_1945_1975,btlsqsvn.org.vn|qdnd.vn|nhandan.vn|vietnamplus.vn|hochiminh.vn|baotanglichsu.vn|luutru.gov.vn|loc.gov|archives.gov,by_event/ho-chi-minh-duoc-bau-chu-tich-nuoc-1946
hiep-uoc-hoa-phap-1946,Kí Hiệp ước Hoa - Pháp,28-2-1946,atomic,war_1945_1975,btlsqsvn.org.vn|qdnd.vn|nhandan.vn|vietnamplus.vn|hochiminh.vn|baotanglichsu.vn|luutru.gov.vn|loc.gov|archives.gov,by_event/hiep-uoc-hoa-phap-1946
ho-chi-minh-ki-hiep-dinh-so-bo-voi-g-xanh-to-ni,Chủ tịch Hồ Chí Minh kí Hiệp định Sơ bộ với G. Xanh-tơ-ni,6 – 3 – 1946,atomic,war_1945_1975,btlsqsvn.org.vn|qdnd.vn|nhandan.vn|vietnamplus.vn|hochiminh.vn|baotanglichsu.vn|luutru.gov.vn|loc.gov|archives.gov,by_event/ho-chi-minh-ki-hiep-dinh-so-bo-voi-g-xanh-to-ni
ho-chi-minh-ra-loi-keu-goi-toan-quoc-khang-chien,Chủ tịch Hồ Chí Minh ra Lời kêu gọi toàn quốc kháng chiến,Tối ngày 19-12-1946,atomic,war_1945_1975,btlsqsvn.org.vn|qdnd.vn|nhandan.vn|vietnamplus.vn|hochiminh.vn|baotanglichsu.vn|luutru.gov.vn|loc.gov|archives.gov,by_event/ho-chi-minh-ra-loi-keu-goi-toan-quoc-khang-chien
khang-chien-toan-quoc-chong-thuc-dan-phap-bung-no,Kháng chiến toàn quốc chống thực dân Pháp bùng nổ,Tháng 12 năm 1946,atomic,war_1945_1975,btlsqsvn.org.vn|qdnd.vn|nhandan.vn|vietnamplus.vn|hochiminh.vn|baotanglichsu.vn|luutru.gov.vn|loc.gov|archives.gov,by_event/khang-chien-toan-quoc-chong-thuc-dan-phap-bung-no
viet-nam-the-hien-thien-chi-hoa-binh-sau-12-1946,Việt Nam thể hiện thiện chí hoà bình sau khi kháng chiến bùng nổ,Từ tháng 12 năm 1946,atomic,war_1945_1975,btlsqsvn.org.vn|qdnd.vn|nhandan.vn|vietnamplus.vn|hochiminh.vn|baotanglichsu.vn|luutru.gov.vn|loc.gov|archives.gov,by_event/viet-nam-the-hien-thien-chi-hoa-binh-sau-12-1946
hien-phap-viet-nam-dan-chu-cong-hoa-1946,Hiến pháp nước Việt Nam Dân chủ Cộng hoà năm 1946,Năm 1946,atomic,war_1945_1975,btlsqsvn.org.vn|qdnd.vn|nhandan.vn|vietnamplus.vn|hochiminh.vn|baotanglichsu.vn|luutru.gov.vn|loc.gov|archives.gov,by_event/hien-phap-viet-nam-dan-chu-cong-hoa-1946
phap-cho-hai-quan-tru-dong-truong-sa,Pháp cho hải quân trú đóng ở các đảo chính thuộc quần đảo Trường Sa,Năm 1946,atomic,maritime,mofa.gov.vn|biengioilanhtho.gov.vn|mod.gov.vn|qdnd.vn|chinhphu.vn|vietnamplus.vn|luutru.gov.vn,by_event/phap-cho-hai-quan-tru-dong-truong-sa
chien-dich-viet-bac-thu-dong-1947,Chiến dịch Việt Bắc thu – đông năm 1947,Từ tháng 10 đến tháng 12 – 1947,atomic,war_1945_1975,btlsqsvn.org.vn|qdnd.vn|nhandan.vn|vietnamplus.vn|hochiminh.vn|baotanglichsu.vn|luutru.gov.vn|loc.gov|archives.gov,by_event/chien-dich-viet-bac-thu-dong-1947
chien-dich-bien-gioi-thu-dong-1950,Chiến dịch Biên giới thu – đông năm 1950,Từ tháng 9 đến tháng 10 – 1950,atomic,war_1945_1975,btlsqsvn.org.vn|qdnd.vn|nhandan.vn|vietnamplus.vn|hochiminh.vn|baotanglichsu.vn|luutru.gov.vn|loc.gov|archives.gov,by_event/chien-dich-bien-gioi-thu-dong-1950
cac-chien-dich-tien-cong-quan-doi-viet-nam-1950-1953,Các chiến dịch tiến công của Quân đội Việt Nam (1950-1953),Từ cuối năm 1950 đến giữa năm 1953,atomic,war_1945_1975,btlsqsvn.org.vn|qdnd.vn|nhandan.vn|vietnamplus.vn|hochiminh.vn|baotanglichsu.vn|luutru.gov.vn|loc.gov|archives.gov,by_event/cac-chien-dich-tien-cong-quan-doi-viet-nam-1950-1953
vndcch-thiet-lap-quan-he-ngoai-giao-voi-cac-nuoc-xhcn,"Việt Nam Dân chủ Cộng hoà thiết lập quan hệ ngoại giao với Cộng hoà Nhân dân Trung Hoa, Liên Xô và các nước xã hội chủ nghĩa khác",Năm 1950,atomic,diplomacy,mofa.gov.vn|chinhphu.vn|vietnamplus.vn|nhandan.vn|un.org|asean.org|apec.org|europa.eu,by_event/vndcch-thiet-lap-quan-he-ngoai-giao-voi-cac-nuoc-xhcn
ho-chi-minh-duoc-bau-chu-tich-ban-chap-hanh-trung-uong-dang-1951,Hồ Chí Minh được bầu làm Chủ tịch Ban Chấp hành Trung ương Đảng,Tháng 2 – 1951,atomic,war_1945_1975,btlsqsvn.org.vn|qdnd.vn|nhandan.vn|vietnamplus.vn|hochiminh.vn|baotanglichsu.vn|luutru.gov.vn|loc.gov|archives.gov,by_event/ho-chi-minh-duoc-bau-chu-tich-ban-chap-hanh-trung-uong-dang-1951
mat-tran-lien-viet-ra-doi-1951,Mặt trận Liên hiệp quốc dân Việt Nam (Mặt trận Liên Việt) ra đời,Ngày 3-3-1951,atomic,war_1945_1975,btlsqsvn.org.vn|qdnd.vn|nhandan.vn|vietnamplus.vn|hochiminh.vn|baotanglichsu.vn|luutru.gov.vn|loc.gov|archives.gov,by_event/mat-tran-lien-viet-ra-doi-1951
chu-quyen-viet-nam-duoc-tuyen-bo-cong-nhan-hoi-nghi-xan-phran-xi-xo,Chủ quyền của Việt Nam đối với Hoàng Sa và Trường Sa được tuyên bố và công nhận tại Hội nghị Hoà bình Xan Phran-xi-xcô,Tháng 9 năm 1951,atomic,maritime,mofa.gov.vn|biengioilanhtho.gov.vn|mod.gov.vn|qdnd.vn|chinhphu.vn|vietnamplus.vn|luutru.gov.vn,by_event/chu-quyen-viet-nam-duoc-tuyen-bo-cong-nhan-hoi-nghi-xan-phran-xi-xo
thanh-lap-lien-minh-nhan-dan-viet-mien-lao,Thành lập Liên minh nhân dân Việt – Miên - Lào,Năm 1951,atomic,war_1945_1975,btlsqsvn.org.vn|qdnd.vn|nhandan.vn|vietnamplus.vn|hochiminh.vn|baotanglichsu.vn|luutru.gov.vn|loc.gov|archives.gov,by_event/thanh-lap-lien-minh-nhan-dan-viet-mien-lao
cuoc-van-dong-san-xuat-va-tiet-kiem-1952,Cuộc vận động sản xuất và tiết kiệm,Năm 1952,atomic,war_1945_1975,btlsqsvn.org.vn|qdnd.vn|nhandan.vn|vietnamplus.vn|hochiminh.vn|baotanglichsu.vn|luutru.gov.vn|loc.gov|archives.gov,by_event/cuoc-van-dong-san-xuat-va-tiet-kiem-1952
dai-hoi-chien-si-thi-dua-can-bo-guong-mau-toan-quoc-lan-thu-nhat-1952,Đại hội Chiến sĩ thi đua và Cán bộ gương mẫu toàn quốc lần thứ nhất,1952,atomic,war_1945_1975,btlsqsvn.org.vn|qdnd.vn|nhandan.vn|vietnamplus.vn|hochiminh.vn|baotanglichsu.vn|luutru.gov.vn|loc.gov|archives.gov,by_event/dai-hoi-chien-si-thi-dua-can-bo-guong-mau-toan-quoc-lan-thu-nhat-1952
ke-hoach-na-va-1953,Kế hoạch Na-va,Tháng 7 – 1953,atomic,war_1945_1975,btlsqsvn.org.vn|qdnd.vn|nhandan.vn|vietnamplus.vn|hochiminh.vn|baotanglichsu.vn|luutru.gov.vn|loc.gov|archives.gov,by_event/ke-hoach-na-va-1953
quoc-hoi-thong-qua-luat-cai-cach-ruong-dat-1953,Quốc hội thông qua Luật Cải cách ruộng đất và quyết định tiến hành cải cách ruộng đất,Tháng 12 – 1953,atomic,war_1945_1975,btlsqsvn.org.vn|qdnd.vn|nhandan.vn|vietnamplus.vn|hochiminh.vn|baotanglichsu.vn|luutru.gov.vn|loc.gov|archives.gov,by_event/quoc-hoi-thong-qua-luat-cai-cach-ruong-dat-1953
cuoc-tien-cong-chien-luoc-dong-xuan-1953-1954,Cuộc Tiến công chiến lược Đông - Xuân 1953 - 1954,Đông - Xuân 1953 - 1954,atomic,war_1945_1975,btlsqsvn.org.vn|qdnd.vn|nhandan.vn|vietnamplus.vn|hochiminh.vn|baotanglichsu.vn|luutru.gov.vn|loc.gov|archives.gov,by_event/cuoc-tien-cong-chien-luoc-dong-xuan-1953-1954
cai-cach-ruong-dat-mien-bac,"Hoàn thành cải cách ruộng đất, khôi phục kinh tế ở miền Bắc",1954 - 1960,atomic,war_1945_1975,btlsqsvn.org.vn|qdnd.vn|nhandan.vn|vietnamplus.vn|hochiminh.vn|baotanglichsu.vn|luutru.gov.vn|loc.gov|archives.gov,by_event/cai-cach-ruong-dat-mien-bac
chien-tranh-bao-ve-doc-lap-dan-toc-va-chu-quyen-quoc-gia-o-dong-duong,Chiến tranh bảo vệ độc lập dân tộc và chủ quyền quốc gia ở Đông Dương,1954 - 1975,atomic,war_1945_1975,btlsqsvn.org.vn|qdnd.vn|nhandan.vn|vietnamplus.vn|hochiminh.vn|baotanglichsu.vn|luutru.gov.vn|loc.gov|archives.gov,by_event/chien-tranh-bao-ve-doc-lap-dan-toc-va-chu-quyen-quoc-gia-o-dong-duong
giai-doan-khang-chien-chong-my-1954-1960,"Giai đoạn 1954 - 1960 của cuộc kháng chiến chống Mỹ, cứu nước",1954 - 1960,atomic,war_1945_1975,btlsqsvn.org.vn|qdnd.vn|nhandan.vn|vietnamplus.vn|hochiminh.vn|baotanglichsu.vn|luutru.gov.vn|loc.gov|archives.gov,by_event/giai-doan-khang-chien-chong-my-1954-1960
khang-chien-chong-my-cuu-nuoc,"Cuộc kháng chiến chống Mỹ, cứu nước",1954-1975,collection,war_1945_1975,btlsqsvn.org.vn|qdnd.vn|nhandan.vn|vietnamplus.vn|hochiminh.vn|baotanglichsu.vn|luutru.gov.vn|loc.gov|archives.gov,by_event/khang-chien-chong-my-cuu-nuoc
mien-bac-viet-nam-giai-phong-xay-dung-cnxh,Miền Bắc Việt Nam được giải phóng và đi theo con đường xây dựng chủ nghĩa xã hội,1954,atomic,war_1945_1975,btlsqsvn.org.vn|qdnd.vn|nhandan.vn|vietnamplus.vn|hochiminh.vn|baotanglichsu.vn|luutru.gov.vn|loc.gov|archives.gov,by_event/mien-bac-viet-nam-giai-phong-xay-dung-cnxh
my-can-thiep-vao-dong-duong,Mỹ can thiệp vào Đông Dương,Từ năm 1954,atomic,war_1945_1975,btlsqsvn.org.vn|qdnd.vn|nhandan.vn|vietnamplus.vn|hochiminh.vn|baotanglichsu.vn|luutru.gov.vn|loc.gov|archives.gov,by_event/my-can-thiep-vao-dong-duong
my-thay-chan-phap-dung-chinh-quyen-ngo-dinh-diem,"Mỹ thay chân Pháp, dựng chính quyền Ngô Đình Diệm",Sau Hiệp định Giơ-ne-vơ (1954),atomic,war_1945_1975,btlsqsvn.org.vn|qdnd.vn|nhandan.vn|vietnamplus.vn|hochiminh.vn|baotanglichsu.vn|luutru.gov.vn|loc.gov|archives.gov,by_event/my-thay-chan-phap-dung-chinh-quyen-ngo-dinh-diem
quan-li-hanh-chinh-chinh-quyen-sai-gon-hoang-sa-truong-sa,Quản lí hành chính của chính quyền Sài Gòn đối với quần đảo Hoàng Sa và quần đảo Trường Sa,Từ năm 1954 đến năm 1975,atomic,maritime,mofa.gov.vn|biengioilanhtho.gov.vn|mod.gov.vn|qdnd.vn|chinhphu.vn|vietnamplus.vn|luutru.gov.vn,by_event/quan-li-hanh-chinh-chinh-quyen-sai-gon-hoang-sa-truong-sa
viet-nam-tam-thoi-bi-chia-cat-hai-mien,Việt Nam tạm thời bị chia cắt làm hai miền,Sau Hiệp định Giơ-ne-vơ (1954),atomic,war_1945_1975,btlsqsvn.org.vn|qdnd.vn|nhandan.vn|vietnamplus.vn|hochiminh.vn|baotanglichsu.vn|luutru.gov.vn|loc.gov|archives.gov,by_event/viet-nam-tam-thoi-bi-chia-cat-hai-mien
lien-xo-vien-tro-cho-viet-nam,Liên Xô viện trợ cho Việt Nam,1955 - 1975,atomic,war_1945_1975,btlsqsvn.org.vn|qdnd.vn|nhandan.vn|vietnamplus.vn|hochiminh.vn|baotanglichsu.vn|luutru.gov.vn|loc.gov|archives.gov,by_event/lien-xo-vien-tro-cho-viet-nam
ho-chi-minh-chu-tich-tong-bi-thu-dang-lao-dong-1956,"Chủ tịch Hồ Chí Minh là Chủ tịch Đảng, kiêm Tổng Bí thư Đảng Lao động Việt Nam",Tháng 10 – 1956,atomic,war_1945_1975,btlsqsvn.org.vn|qdnd.vn|nhandan.vn|vietnamplus.vn|hochiminh.vn|baotanglichsu.vn|luutru.gov.vn|loc.gov|archives.gov,by_event/ho-chi-minh-chu-tich-tong-bi-thu-dang-lao-dong-1956
dai-loan-chiem-dong-dao-ba-binh-truong-sa,Đài Loan chiếm đóng đảo Ba Bình thuộc quần đảo Trường Sa,Năm 1956,atomic,maritime,mofa.gov.vn|biengioilanhtho.gov.vn|mod.gov.vn|qdnd.vn|chinhphu.vn|vietnamplus.vn|luutru.gov.vn,by_event/dai-loan-chiem-dong-dao-ba-binh-truong-sa
philippin-tuyen-bo-quyen-khai-thac-lap-nghiep-truong-sa,"Phi-líp-pin tuyên bố có quyền khai thác, lập nghiệp tại nhóm đảo Trường Sa",Năm 1956,atomic,maritime,mofa.gov.vn|biengioilanhtho.gov.vn|mod.gov.vn|qdnd.vn|chinhphu.vn|vietnamplus.vn|luutru.gov.vn,by_event/philippin-tuyen-bo-quyen-khai-thac-lap-nghiep-truong-sa
viet-nam-danh-chiem-nua-phia-dong-hoang-sa,Việt Nam (chính quyền Sài Gòn) đánh chiếm nửa phía đông của quần đảo Hoàng Sa (nhóm An Vĩnh),Năm 1956,atomic,maritime,mofa.gov.vn|biengioilanhtho.gov.vn|mod.gov.vn|qdnd.vn|chinhphu.vn|vietnamplus.vn|luutru.gov.vn,by_event/viet-nam-danh-chiem-nua-phia-dong-hoang-sa
hoi-nghi-ban-chap-hanh-trung-uong-lan-thu-15-dang-lao-dong-viet-nam,Hội nghị Ban Chấp hành Trung ương lần thứ 15 của Đảng Lao động Việt Nam,Tháng 1 – 1959,atomic,war_1945_1975,btlsqsvn.org.vn|qdnd.vn|nhandan.vn|vietnamplus.vn|hochiminh.vn|baotanglichsu.vn|luutru.gov.vn|loc.gov|archives.gov,by_event/hoi-nghi-ban-chap-hanh-trung-uong-lan-thu-15-dang-lao-dong-viet-nam
dai-hoi-dai-bieu-toan-quoc-lan-thu-iii-dang-lao-dong-viet-nam,Đại hội đại biểu toàn quốc lần thứ III Đảng Lao động Việt Nam,Tháng 9 – 1960,atomic,war_1945_1975,btlsqsvn.org.vn|qdnd.vn|nhandan.vn|vietnamplus.vn|hochiminh.vn|baotanglichsu.vn|luutru.gov.vn|loc.gov|archives.gov,by_event/dai-hoi-dai-bieu-toan-quoc-lan-thu-iii-dang-lao-dong-viet-nam
thanh-lap-mat-tran-dan-toc-giai-phong-mien-nam-viet-nam,Thành lập Mặt trận Dân tộc giải phóng miền Nam Việt Nam,20 – 12 – 1960,atomic,war_1945_1975,btlsqsvn.org.vn|qdnd.vn|nhandan.vn|vietnamplus.vn|hochiminh.vn|baotanglichsu.vn|luutru.gov.vn|loc.gov|archives.gov,by_event/thanh-lap-mat-tran-dan-toc-giai-phong-mien-nam-viet-nam
thanh-lap-quan-giai-phong-mien-nam,Thành lập Quân Giải phóng miền Nam,Ngày 15 – 2 – 1961,atomic,war_1945_1975,btlsqsvn.org.vn|qdnd.vn|nhandan.vn|vietnamplus.vn|hochiminh.vn|baotanglichsu.vn|luutru.gov.vn|loc.gov|archives.gov,by_event/thanh-lap-quan-giai-phong-mien-nam
chu-tich-ho-chi-minh-tham-quan-cang-bai-chay-1961,Chủ tịch Hồ Chí Minh thăm Quân cảng Bãi Cháy và căn dặn về bảo vệ biển,Năm 1961,atomic,war_1945_1975,btlsqsvn.org.vn|qdnd.vn|nhandan.vn|vietnamplus.vn|hochiminh.vn|baotanglichsu.vn|luutru.gov.vn|loc.gov|archives.gov,by_event/chu-tich-ho-chi-minh-tham-quan-cang-bai-chay-1961
ke-hoach-nha-nuoc-5-nam-lan-thu-nhat-mien-bac,Kế hoạch Nhà nước 5 năm lần thứ nhất (1961-1965) ở miền Bắc,1961 - 1965,atomic,war_1945_1975,btlsqsvn.org.vn|qdnd.vn|nhandan.vn|vietnamplus.vn|hochiminh.vn|baotanglichsu.vn|luutru.gov.vn|loc.gov|archives.gov,by_event/ke-hoach-nha-nuoc-5-nam-lan-thu-nhat-mien-bac
chien-thang-ap-bac,Chiến thắng Ấp Bắc,Tháng 1 – 1963,atomic,war_1945_1975,btlsqsvn.org.vn|qdnd.vn|nhandan.vn|vietnamplus.vn|hochiminh.vn|baotanglichsu.vn|luutru.gov.vn|loc.gov|archives.gov,by_event/chien-thang-ap-bac
chien-tranh-pha-hoai-mien-bac-lan-thu-nhat,Chiến tranh phá hoại miền Bắc lần thứ nhất của Mỹ,Tháng 8 – 1964 – 1968,atomic,war_1945_1975,btlsqsvn.org.vn|qdnd.vn|nhandan.vn|vietnamplus.vn|hochiminh.vn|baotanglichsu.vn|luutru.gov.vn|loc.gov|archives.gov,by_event/chien-tranh-pha-hoai-mien-bac-lan-thu-nhat
cac-chien-thang-quan-su-1964-1965,Các chiến thắng quân sự 1964-1965,1964 – 1965,atomic,war_1945_1975,btlsqsvn.org.vn|qdnd.vn|nhandan.vn|vietnamplus.vn|hochiminh.vn|baotanglichsu.vn|luutru.gov.vn|loc.gov|archives.gov,by_event/cac-chien-thang-quan-su-1964-1965
chien-thang-van-tuong,Chiến thắng Vạn Tường,18 – 8 – 1965,atomic,war_1945_1975,btlsqsvn.org.vn|qdnd.vn|nhandan.vn|vietnamplus.vn|hochiminh.vn|baotanglichsu.vn|luutru.gov.vn|loc.gov|archives.gov,by_event/chien-thang-van-tuong
hoi-nghi-pa-ri-ve-viet-nam,Hội nghị Pa-ri về Việt Nam,1968 – 27-1-1973,atomic,war_1945_1975,btlsqsvn.org.vn|qdnd.vn|nhandan.vn|vietnamplus.vn|hochiminh.vn|baotanglichsu.vn|luutru.gov.vn|loc.gov|archives.gov,by_event/hoi-nghi-pa-ri-ve-viet-nam
thanh-lap-chinh-phu-cach-mang-lam-thoi-cong-hoa-mien-nam-viet-nam,Thành lập Chính phủ cách mạng lâm thời Cộng hoà miền Nam Việt Nam,Ngày 6-6-1969,atomic,war_1945_1975,btlsqsvn.org.vn|qdnd.vn|nhandan.vn|vietnamplus.vn|hochiminh.vn|baotanglichsu.vn|luutru.gov.vn|loc.gov|archives.gov,by_event/thanh-lap-chinh-phu-cach-mang-lam-thoi-cong-hoa-mien-nam-viet-nam
dap-tan-cuoc-hanh-quan-xam-luoc-vao-cam-pu-chia-1970,Đập tan cuộc hành quân xâm lược của Mỹ và quân đội Sài Gòn vào Cam-pu-chia,Từ ngày 30 – 4 đến ngày 30-6-1970,atomic,war_1945_1975,btlsqsvn.org.vn|qdnd.vn|nhandan.vn|vietnamplus.vn|hochiminh.vn|baotanglichsu.vn|luutru.gov.vn|loc.gov|archives.gov,by_event/dap-tan-cuoc-hanh-quan-xam-luoc-vao-cam-pu-chia-1970
hoi-nghi-cap-cao-ba-nuoc-viet-nam-lao-cam-pu-chia,Hội nghị cấp cao ba nước Việt Nam - Lào - Cam-pu-chia,Tháng 4 – 1970,atomic,war_1945_1975,btlsqsvn.org.vn|qdnd.vn|nhandan.vn|vietnamplus.vn|hochiminh.vn|baotanglichsu.vn|luutru.gov.vn|loc.gov|archives.gov,by_event/hoi-nghi-cap-cao-ba-nuoc-viet-nam-lao-cam-pu-chia
chien-dich-duong-9-nam-lao,Chiến dịch Đường 9 – Nam Lào,Từ tháng 2 đến tháng 3 – 1971,atomic,war_1945_1975,btlsqsvn.org.vn|qdnd.vn|nhandan.vn|vietnamplus.vn|hochiminh.vn|baotanglichsu.vn|luutru.gov.vn|loc.gov|archives.gov,by_event/chien-dich-duong-9-nam-lao
philippin-chiem-dong-9-dao-truong-sa,Phi-líp-pin chiếm đóng 9 đảo thuộc quần đảo Trường Sa,Từ năm 1971 đến năm 1980,atomic,maritime,mofa.gov.vn|biengioilanhtho.gov.vn|mod.gov.vn|qdnd.vn|chinhphu.vn|vietnamplus.vn|luutru.gov.vn,by_event/philippin-chiem-dong-9-dao-truong-sa
cuoc-tien-cong-chien-luoc-nam-1972,Cuộc Tiến công chiến lược năm 1972,Từ tháng 3 – 1972,atomic,war_1945_1975,btlsqsvn.org.vn|qdnd.vn|nhandan.vn|vietnamplus.vn|hochiminh.vn|baotanglichsu.vn|luutru.gov.vn|loc.gov|archives.gov,by_event/cuoc-tien-cong-chien-luoc-nam-1972
chien-tranh-pha-hoai-mien-bac-lan-thu-hai,Chiến tranh phá hoại miền Bắc lần thứ hai của Mỹ,Từ ngày 16-4-1972 đến 29-12-1972,atomic,war_1945_1975,btlsqsvn.org.vn|qdnd.vn|nhandan.vn|vietnamplus.vn|hochiminh.vn|baotanglichsu.vn|luutru.gov.vn|loc.gov|archives.gov,by_event/chien-tranh-pha-hoai-mien-bac-lan-thu-hai
hoi-nghi-ban-chap-hanh-trung-uong-dang-lan-thu-21,Hội nghị Ban Chấp hành Trung ương Đảng lần thứ 21,Tháng 7 – 1973,atomic,war_1945_1975,btlsqsvn.org.vn|qdnd.vn|nhandan.vn|vietnamplus.vn|hochiminh.vn|baotanglichsu.vn|luutru.gov.vn|loc.gov|archives.gov,by_event/hoi-nghi-ban-chap-hanh-trung-uong-dang-lan-thu-21
quan-doi-sai-gon-that-bai-bao-ve-hoang-sa,Quân đội Sài Gòn thất bại trong chiến đấu bảo vệ quần đảo Hoàng Sa,Tháng 1 năm 1974,atomic,maritime,mofa.gov.vn|biengioilanhtho.gov.vn|mod.gov.vn|qdnd.vn|chinhphu.vn|vietnamplus.vn|luutru.gov.vn,by_event/quan-doi-sai-gon-that-bai-bao-ve-hoang-sa
trung-quoc-danh-chiem-toan-bo-hoang-sa,Trung Quốc đánh chiếm toàn bộ quần đảo Hoàng Sa,Tháng 1 năm 1974,atomic,maritime,mofa.gov.vn|biengioilanhtho.gov.vn|mod.gov.vn|qdnd.vn|chinhphu.vn|vietnamplus.vn|luutru.gov.vn,by_event/trung-quoc-danh-chiem-toan-bo-hoang-sa
chien-thang-duong-14-phuoc-long,Chiến thắng Đường 14 Phước Long,"Cuối năm 1974, đầu năm 1975",atomic,war_1945_1975,btlsqsvn.org.vn|qdnd.vn|nhandan.vn|vietnamplus.vn|hochiminh.vn|baotanglichsu.vn|luutru.gov.vn|loc.gov|archives.gov,by_event/chien-thang-duong-14-phuoc-long
chien-dich-tay-nguyen-1975,Chiến dịch Tây Nguyên,Từ ngày 10 – 3 đến ngày 24 – 3 – 1975,atomic,war_1945_1975,btlsqsvn.org.vn|qdnd.vn|nhandan.vn|vietnamplus.vn|hochiminh.vn|baotanglichsu.vn|luutru.gov.vn|loc.gov|archives.gov,by_event/chien-dich-tay-nguyen-1975
giai-phong-hue-va-thua-thien,Giải phóng thành phố Huế và toàn tỉnh Thừa Thiên,Ngày 26 – 3 – 1975,atomic,war_1945_1975,btlsqsvn.org.vn|qdnd.vn|nhandan.vn|vietnamplus.vn|hochiminh.vn|baotanglichsu.vn|luutru.gov.vn|loc.gov|archives.gov,by_event/giai-phong-hue-va-thua-thien
giai-phong-da-nang,Giải phóng Đà Nẵng,Chiều 29 – 3 – 1975,atomic,war_1945_1975,btlsqsvn.org.vn|qdnd.vn|nhandan.vn|vietnamplus.vn|hochiminh.vn|baotanglichsu.vn|luutru.gov.vn|loc.gov|archives.gov,by_event/giai-phong-da-nang
quan-giai-phong-mien-nam-viet-nam-tiep-quan-truong-sa,Quân giải phóng miền Nam Việt Nam tiếp quản các đảo và triển khai lực lượng thực thi chủ quyền đối với quần đảo Trường Sa,Từ ngày 13 đến ngày 28 tháng 4 năm 1975,atomic,maritime,mofa.gov.vn|biengioilanhtho.gov.vn|mod.gov.vn|qdnd.vn|chinhphu.vn|vietnamplus.vn|luutru.gov.vn,by_event/quan-giai-phong-mien-nam-viet-nam-tiep-quan-truong-sa
hoan-toan-giai-phong-mien-nam-viet-nam,Hoàn toàn giải phóng miền Nam Việt Nam,tháng 4-1975,atomic,war_1945_1975,btlsqsvn.org.vn|qdnd.vn|nhandan.vn|vietnamplus.vn|hochiminh.vn|baotanglichsu.vn|luutru.gov.vn|loc.gov|archives.gov,by_event/hoan-toan-giai-phong-mien-nam-viet-nam
quoc-hoi-khoa-vi-doi-ten-sai-gon-thanh-thanh-pho-ho-chi-minh,Quốc hội khoá VI quyết định đổi tên Sài Gòn thành Thành phố Hồ Chí Minh,Năm 1976,atomic,post_1975,chinhphu.vn|dangcongsan.vn|tulieuvankien.dangcongsan.vn|quochoi.vn|mofa.gov.vn|vietnamplus.vn|nhandan.vn|un.org|unphoto.un.org,by_event/quoc-hoi-khoa-vi-doi-ten-sai-gon-thanh-thanh-pho-ho-chi-minh
thuc-hien-thong-nhat-dat-nuoc-viet-nam,Thực hiện thống nhất đất nước Việt Nam,năm 1976,atomic,post_1975,chinhphu.vn|dangcongsan.vn|tulieuvankien.dangcongsan.vn|quochoi.vn|mofa.gov.vn|vietnamplus.vn|nhandan.vn|un.org|unphoto.un.org,by_event/thuc-hien-thong-nhat-dat-nuoc-viet-nam
viet-nam-ban-hanh-tuyen-bo-vung-bien-them-luc-dia,Việt Nam ban hành Tuyên bố về các vùng biển và thềm lục địa Việt Nam,Tháng 5 năm 1977,atomic,maritime,mofa.gov.vn|biengioilanhtho.gov.vn|mod.gov.vn|qdnd.vn|chinhphu.vn|vietnamplus.vn|luutru.gov.vn,by_event/viet-nam-ban-hanh-tuyen-bo-vung-bien-them-luc-dia
viet-nam-thanh-vien-lien-hop-quoc,Việt Nam trở thành thành viên chính thức của Liên hợp quốc,Ngày 20-9-1977,atomic,diplomacy,mofa.gov.vn|chinhphu.vn|vietnamplus.vn|nhandan.vn|un.org|asean.org|apec.org|europa.eu,by_event/viet-nam-thanh-vien-lien-hop-quoc
lien-hop-quoc-vien-tro-viet-nam-1977-1986,Hệ thống phát triển Liên hợp quốc viện trợ không hoàn lại cho Việt Nam,Những năm 1977 – 1986,atomic,diplomacy,mofa.gov.vn|chinhphu.vn|vietnamplus.vn|nhandan.vn|un.org|asean.org|apec.org|europa.eu,by_event/lien-hop-quoc-vien-tro-viet-nam-1977-1986
philippin-ban-hanh-sac-lenh-1596-tuyen-bo-chu-quyen-truong-sa,Phi-líp-pin ban hành Sắc lệnh 1596 tuyên bố chủ quyền đối với hầu hết các đảo thuộc quần đảo Trường Sa,Năm 1978,atomic,maritime,mofa.gov.vn|biengioilanhtho.gov.vn|mod.gov.vn|qdnd.vn|chinhphu.vn|vietnamplus.vn|luutru.gov.vn,by_event/philippin-ban-hanh-sac-lenh-1596-tuyen-bo-chu-quyen-truong-sa
viet-nam-gia-nhap-sev,Việt Nam gia nhập Hội đồng tương trợ kinh tế (SEV),Năm 1978,atomic,post_1975,chinhphu.vn|dangcongsan.vn|tulieuvankien.dangcongsan.vn|quochoi.vn|mofa.gov.vn|vietnamplus.vn|nhandan.vn|un.org|unphoto.un.org,by_event/viet-nam-gia-nhap-sev
go-ro-bat-co-pham-tuan-bay-vu-tru,V. Go-rơ-bát cô (Liên Xô) và Phạm Tuân (Việt Nam) cùng bay vào vũ trụ,1980,atomic,post_1975,chinhphu.vn|dangcongsan.vn|tulieuvankien.dangcongsan.vn|quochoi.vn|mofa.gov.vn|vietnamplus.vn|nhandan.vn|un.org|unphoto.un.org,by_event/go-ro-bat-co-pham-tuan-bay-vu-tru
thanh-lap-huyen-hoang-sa-va-huyen-truong-sa,Thành lập huyện Hoàng Sa và huyện Trường Sa,Năm 1982,atomic,maritime,mofa.gov.vn|biengioilanhtho.gov.vn|mod.gov.vn|qdnd.vn|chinhphu.vn|vietnamplus.vn|luutru.gov.vn,by_event/thanh-lap-huyen-hoang-sa-va-huyen-truong-sa
bru-nay-tuyen-bo-ranh-gioi-them-luc-dia,Bru-nây tuyên bố về ranh giới thềm lục địa 200 hải lí,Năm 1983,atomic,maritime,mofa.gov.vn|biengioilanhtho.gov.vn|mod.gov.vn|qdnd.vn|chinhphu.vn|vietnamplus.vn|luutru.gov.vn,by_event/bru-nay-tuyen-bo-ranh-gioi-them-luc-dia
bru-nay-tuyen-bo-vung-dac-quyen-kinh-te,Bru-nây tuyên bố về vùng đặc quyền kinh tế,Năm 1984,atomic,post_1975,chinhphu.vn|dangcongsan.vn|tulieuvankien.dangcongsan.vn|quochoi.vn|mofa.gov.vn|vietnamplus.vn|nhandan.vn|un.org|unphoto.un.org,by_event/bru-nay-tuyen-bo-vung-dac-quyen-kinh-te
dai-hoi-dai-bieu-toan-quoc-lan-thu-vi-cua-dang-cong-san-viet-nam,Đại hội đại biểu toàn quốc lần thứ VI của Đảng Cộng sản Việt Nam,12 – 1986,atomic,post_1975,chinhphu.vn|dangcongsan.vn|tulieuvankien.dangcongsan.vn|quochoi.vn|mofa.gov.vn|vietnamplus.vn|nhandan.vn|un.org|unphoto.un.org,by_event/dai-hoi-dai-bieu-toan-quoc-lan-thu-vi-cua-dang-cong-san-viet-nam
bai-bo-che-do-tem-phieu-o-viet-nam,Bãi bỏ chế độ tem phiếu ở Việt Nam,Ngày 1-4-1989,atomic,post_1975,chinhphu.vn|dangcongsan.vn|tulieuvankien.dangcongsan.vn|quochoi.vn|mofa.gov.vn|vietnamplus.vn|nhandan.vn|un.org|unphoto.un.org,by_event/bai-bo-che-do-tem-phieu-o-viet-nam
dai-hoi-dai-bieu-toan-quoc-lan-thu-vii-cua-dang-cong-san-viet-nam,Đại hội đại biểu toàn quốc lần thứ VII của Đảng Cộng sản Việt Nam,1991,atomic,post_1975,chinhphu.vn|dangcongsan.vn|tulieuvankien.dangcongsan.vn|quochoi.vn|mofa.gov.vn|vietnamplus.vn|nhandan.vn|un.org|unphoto.un.org,by_event/dai-hoi-dai-bieu-toan-quoc-lan-thu-vii-cua-dang-cong-san-viet-nam
viet-nam-binh-thuong-hoa-quan-he-trung-quoc,Việt Nam bình thường hoá quan hệ với Trung Quốc,Năm 1991,atomic,diplomacy,mofa.gov.vn|chinhphu.vn|vietnamplus.vn|nhandan.vn|un.org|asean.org|apec.org|europa.eu,by_event/viet-nam-binh-thuong-hoa-quan-he-trung-quoc
xay-dung-va-dong-dien-duong-day-500kv-bac-nam-mach-1,Xây dựng và đóng điện đường dây 500 kV Bắc - Nam (mạch 1),1992 - 1993,atomic,post_1975,chinhphu.vn|dangcongsan.vn|tulieuvankien.dangcongsan.vn|quochoi.vn|mofa.gov.vn|vietnamplus.vn|nhandan.vn|un.org|unphoto.un.org,by_event/xay-dung-va-dong-dien-duong-day-500kv-bac-nam-mach-1
dai-loan-chiem-bai-can-ran-san-ho-ban-than,Đài Loan chiếm bãi cạn rạn san hô Bàn Than,Năm 1995,atomic,post_1975,chinhphu.vn|dangcongsan.vn|tulieuvankien.dangcongsan.vn|quochoi.vn|mofa.gov.vn|vietnamplus.vn|nhandan.vn|un.org|unphoto.un.org,by_event/dai-loan-chiem-bai-can-ran-san-ho-ban-than
trung-quoc-danh-chiem-da-vanh-khan,Trung Quốc đánh chiếm đá Vành Khăn,Năm 1995,atomic,post_1975,chinhphu.vn|dangcongsan.vn|tulieuvankien.dangcongsan.vn|quochoi.vn|mofa.gov.vn|vietnamplus.vn|nhandan.vn|un.org|unphoto.un.org,by_event/trung-quoc-danh-chiem-da-vanh-khan
viet-nam-binh-thuong-hoa-quan-he-my,Việt Nam bình thường hoá quan hệ với Mỹ,Năm 1995,atomic,diplomacy,mofa.gov.vn|chinhphu.vn|vietnamplus.vn|nhandan.vn|un.org|asean.org|apec.org|europa.eu,by_event/viet-nam-binh-thuong-hoa-quan-he-my
dai-hoi-dai-bieu-toan-quoc-lan-thu-viii-cua-dang-cong-san-viet-nam,Đại hội đại biểu toàn quốc lần thứ VIII của Đảng Cộng sản Việt Nam,1996,atomic,post_1975,chinhphu.vn|dangcongsan.vn|tulieuvankien.dangcongsan.vn|quochoi.vn|mofa.gov.vn|vietnamplus.vn|nhandan.vn|un.org|unphoto.un.org,by_event/dai-hoi-dai-bieu-toan-quoc-lan-thu-viii-cua-dang-cong-san-viet-nam
ki-tuyen-bo-ve-ung-xu-cua-cac-ben-o-bien-dong-doc,Kí Tuyên bố về ứng xử của các bên ở Biển Đông (DOC),Ngày 4 tháng 11 năm 2002,atomic,post_1975,chinhphu.vn|dangcongsan.vn|tulieuvankien.dangcongsan.vn|quochoi.vn|mofa.gov.vn|vietnamplus.vn|nhandan.vn|un.org|unphoto.un.org,by_event/ki-tuyen-bo-ve-ung-xu-cua-cac-ben-o-bien-dong-doc
bo-chinh-tri-ban-hanh-chi-thi-06-ct-tw-ve-cuoc-van-dong-hoc-tap-va-lam-theo-tam-guong-dao-duc-ho-chi-minh,Bộ Chính trị ban hành Chỉ thị 06-CT/TW về Cuộc vận động “Học tập và làm theo tấm gương đạo đức Hồ Chí Minh”,Ngày 7-11-2006,atomic,post_1975,chinhphu.vn|dangcongsan.vn|tulieuvankien.dangcongsan.vn|quochoi.vn|mofa.gov.vn|vietnamplus.vn|nhandan.vn|un.org|unphoto.un.org,by_event/bo-chinh-tri-ban-hanh-chi-thi-06-ct-tw-ve-cuoc-van-dong-hoc-tap-va-lam-theo-tam-guong-dao-duc-ho-chi-minh
dai-hoi-dai-bieu-toan-quoc-lan-thu-x-cua-dang-cong-san-viet-nam,Đại hội đại biểu toàn quốc lần thứ X của Đảng Cộng sản Việt Nam,2006,atomic,post_1975,chinhphu.vn|dangcongsan.vn|tulieuvankien.dangcongsan.vn|quochoi.vn|mofa.gov.vn|vietnamplus.vn|nhandan.vn|un.org|unphoto.un.org,by_event/dai-hoi-dai-bieu-toan-quoc-lan-thu-x-cua-dang-cong-san-viet-nam
viet-nam-thong-qua-luat-bien-viet-nam,Việt Nam thông qua Luật Biển Việt Nam,Năm 2012,atomic,post_1975,chinhphu.vn|dangcongsan.vn|tulieuvankien.dangcongsan.vn|quochoi.vn|mofa.gov.vn|vietnamplus.vn|nhandan.vn|un.org|unphoto.un.org,by_event/viet-nam-thong-qua-luat-bien-viet-nam
hien-phap-cong-hoa-xa-hoi-chu-nghia-viet-nam-2013,Hiến pháp nước Cộng hoà xã hội chủ nghĩa Việt Nam năm 2013,Năm 2013,atomic,post_1975,chinhphu.vn|dangcongsan.vn|tulieuvankien.dangcongsan.vn|quochoi.vn|mofa.gov.vn|vietnamplus.vn|nhandan.vn|un.org|unphoto.un.org,by_event/hien-phap-cong-hoa-xa-hoi-chu-nghia-viet-nam-2013
viet-nam-hoan-tat-muc-tieu-thien-nien-ki,Việt Nam hoàn tất việc thực hiện các Mục tiêu Thiên niên kỉ (MDGs) của Liên hợp quốc,Đến năm 2015,atomic,diplomacy,mofa.gov.vn|chinhphu.vn|vietnamplus.vn|nhandan.vn|un.org|asean.org|apec.org|europa.eu,by_event/viet-nam-hoan-tat-muc-tieu-thien-nien-ki
bo-chinh-tri-ban-hanh-chi-thi-05-ct-tw-ve-day-manh-hoc-tap-va-lam-theo-tu-tuong-dao-duc-phong-cach-ho-chi-minh,"Bộ Chính trị ban hành Chỉ thị 05-CT/TW về “đẩy mạnh học tập và làm theo tư tưởng, đạo đức, phong cách Hồ Chí Minh”",Ngày 15 – 5 – 2016,atomic,post_1975,chinhphu.vn|dangcongsan.vn|tulieuvankien.dangcongsan.vn|quochoi.vn|mofa.gov.vn|vietnamplus.vn|nhandan.vn|un.org|unphoto.un.org,by_event/bo-chinh-tri-ban-hanh-chi-thi-05-ct-tw-ve-day-manh-hoc-tap-va-lam-theo-tu-tuong-dao-duc-phong-cach-ho-chi-minh
quan-he-viet-nam-my-doi-tac-chien-luoc-toan-dien,Quan hệ Việt Nam - Mỹ lên tầm đối tác chiến lược toàn diện,Năm 2023,atomic,diplomacy,mofa.gov.vn|chinhphu.vn|vietnamplus.vn|nhandan.vn|un.org|asean.org|apec.org|europa.eu,by_event/quan-he-viet-nam-my-doi-tac-chien-luoc-toan-dien
chien-luoc-vua-danh-vua-dam-va-van-dong-quoc-te-cong-nhan-mat-tran-dan-toc-giai-phong-mien-nam-viet-nam,"Chiến lược ""vừa đánh, vừa đàm"" và vận động quốc tế công nhận Mặt trận Dân tộc giải phóng miền Nam Việt Nam",Trong kháng chiến chống Mỹ (1954-1975),atomic,war_1945_1975,btlsqsvn.org.vn|qdnd.vn|nhandan.vn|vietnamplus.vn|hochiminh.vn|baotanglichsu.vn|luutru.gov.vn|loc.gov|archives.gov,by_event/chien-luoc-vua-danh-vua-dam-va-van-dong-quoc-te-cong-nhan-mat-tran-dan-toc-giai-phong-mien-nam-viet-nam
chinh-quyen-phap-cai-cach-huong-chinh,Chính quyền thực dân Pháp thực hiện cải cách hương chính,Thời Pháp thuộc,atomic,colonial,baotanglichsu.vn|luutru.gov.vn|hochiminh.vn|nhandan.vn|qdnd.vn|vietnamplus.vn|gallica.bnf.fr|loc.gov,by_event/chinh-quyen-phap-cai-cach-huong-chinh
chu-nom-su-dung-rong-rai,Chữ Nôm được sử dụng rộng rãi,Từ thế kỉ XIII,atomic,culture_language,baotanglichsu.vn|bvhttdl.gov.vn|disanvanhoa.gov.vn|vnfam.vn|unesco.org,by_event/chu-nom-su-dung-rong-rai
chu-quoc-ngu-xuat-hien,Chữ Quốc ngữ xuất hiện và dần được hoàn thiện,Từ đầu thế kỉ XVI,atomic,culture_language,baotanglichsu.vn|bvhttdl.gov.vn|disanvanhoa.gov.vn|vnfam.vn|unesco.org,by_event/chu-quoc-ngu-xuat-hien
dau-tranh-chong-phong-kien-phuong-bac,"Đấu tranh chống sự thống trị, đồng hoá của các triều đại phong kiến phương Bắc",Hơn 1000 năm Bắc thuộc,atomic,ancient_medieval,baotanglichsu.vn|disanvanhoa.gov.vn|bvhttdl.gov.vn|qdnd.vn|nhandan.vn|unesco.org|whc.unesco.org,by_event/dau-tranh-chong-phong-kien-phuong-bac
dinh-tien-le-dong-do-hoa-lu,Triều Đinh và Tiền Lê đóng đô ở Hoa Lư,Thời Đinh – Tiền Lê,atomic,ancient_medieval,baotanglichsu.vn|disanvanhoa.gov.vn|bvhttdl.gov.vn|qdnd.vn|nhandan.vn|unesco.org|whc.unesco.org,by_event/dinh-tien-le-dong-do-hoa-lu
khang-chien-thang-loi,Kháng chiến thắng lợi,Thời kì kháng chiến,atomic,war_1945_1975,btlsqsvn.org.vn|qdnd.vn|nhandan.vn|vietnamplus.vn|hochiminh.vn|baotanglichsu.vn|luutru.gov.vn|loc.gov|archives.gov,by_event/khang-chien-thang-loi
lang-co-ten-nom-xuat-hien-som-thoi-ly-tran,Những làng có tên nôm xuất hiện sớm vào thời Lý – Trần,Thời Lý – Trần,atomic,ancient_medieval,baotanglichsu.vn|disanvanhoa.gov.vn|bvhttdl.gov.vn|qdnd.vn|nhandan.vn|unesco.org|whc.unesco.org,by_event/lang-co-ten-nom-xuat-hien-som-thoi-ly-tran
nha-ly-su-dung-thi-cu-nho-hoc,Nhà Lý chính thức sử dụng chế độ thi cử Nho học,Thời Lý,atomic,ancient_medieval,baotanglichsu.vn|disanvanhoa.gov.vn|bvhttdl.gov.vn|qdnd.vn|nhandan.vn|unesco.org|whc.unesco.org,by_event/nha-ly-su-dung-thi-cu-nho-hoc
nha-ly-to-chuc-khoa-thi-nho-hoc-dau-tien,Nhà Lý tổ chức khoa thi Nho học đầu tiên,Thời nhà Lý,atomic,ancient_medieval,baotanglichsu.vn|disanvanhoa.gov.vn|bvhttdl.gov.vn|qdnd.vn|nhandan.vn|unesco.org|whc.unesco.org,by_event/nha-ly-to-chuc-khoa-thi-nho-hoc-dau-tien
nho-giao-du-nhap-viet-nam,Nho giáo du nhập vào Việt Nam,Thời Bắc thuộc,atomic,culture_language,baotanglichsu.vn|bvhttdl.gov.vn|disanvanhoa.gov.vn|vnfam.vn|unesco.org,by_event/nho-giao-du-nhap-viet-nam
phong-trao-can-vuong,Phong trào Cần Vương,Phong trào Cần Vương,collection,colonial,baotanglichsu.vn|luutru.gov.vn|hochiminh.vn|nhandan.vn|qdnd.vn|vietnamplus.vn|gallica.bnf.fr|loc.gov,by_event/phong-trao-can-vuong
tan-cong-champa-dai-viet-cuoi-tk14,Các cuộc tấn công của Chăm-pa vào Đại Việt,Trong khoảng 30 năm cuối thế kỉ XIV,atomic,ancient_medieval,baotanglichsu.vn|disanvanhoa.gov.vn|bvhttdl.gov.vn|qdnd.vn|nhandan.vn|unesco.org|whc.unesco.org,by_event/tan-cong-champa-dai-viet-cuoi-tk14
thanh-lap-quoc-su-quan-trieu-nguyen,Thành lập Quốc sử quán triều Nguyễn,Thời Nguyễn,atomic,culture_language,baotanglichsu.vn|bvhttdl.gov.vn|disanvanhoa.gov.vn|vnfam.vn|unesco.org,by_event/thanh-lap-quoc-su-quan-trieu-nguyen
thoi-tran-dat-chuc-xa-quan,Thời Trần đặt chức xã quan,Thời Trần,atomic,ancient_medieval,baotanglichsu.vn|disanvanhoa.gov.vn|bvhttdl.gov.vn|qdnd.vn|nhandan.vn|unesco.org|whc.unesco.org,by_event/thoi-tran-dat-chuc-xa-quan
tin-nguong-tho-than-dong-co-cung-dinh,Tín ngưỡng thờ thần Đồng Cổ được đưa vào cung đình,Thời Lý,atomic,culture_language,baotanglichsu.vn|bvhttdl.gov.vn|disanvanhoa.gov.vn|vnfam.vn|unesco.org,by_event/tin-nguong-tho-than-dong-co-cung-dinh
tuyen-duong-chi-vien-chien-luoc-tren-bien-mang-ten-chu-tich-ho-chi-minh,Tuyến đường chi viện chiến lược trên biển mang tên Chủ tịch Hồ Chí Minh,"Trong cuộc kháng chiến chống Mỹ, cứu nước",atomic,war_1945_1975,btlsqsvn.org.vn|qdnd.vn|nhandan.vn|vietnamplus.vn|hochiminh.vn|baotanglichsu.vn|luutru.gov.vn|loc.gov|archives.gov,by_event/tuyen-duong-chi-vien-chien-luoc-tren-bien-mang-ten-chu-tich-ho-chi-minh
van-hoa-phung-nguyen,Văn hoá Phùng Nguyên,Khoảng 4000 năm trước,atomic,culture_language,baotanglichsu.vn|bvhttdl.gov.vn|disanvanhoa.gov.vn|vnfam.vn|unesco.org,by_event/van-hoa-phung-nguyen
viet-nam-dam-phan-ranh-gioi-tren-bien,"Việt Nam đàm phán về ranh giới trên biển với Ma-lai-xi-a, In-đô-nê-xi-a, Phi-líp-pin và Thái Lan",Trong thời kì Đổi mới,atomic,post_1975,chinhphu.vn|dangcongsan.vn|tulieuvankien.dangcongsan.vn|quochoi.vn|mofa.gov.vn|vietnamplus.vn|nhandan.vn|un.org|unphoto.un.org,by_event/viet-nam-dam-phan-ranh-gioi-tren-bien
viet-nam-ki-ket-evfta,Việt Nam kí kết Hiệp định Thương mại tự do Việt Nam - EU (EVFTA),Trong thời kì Đổi mới,atomic,diplomacy,mofa.gov.vn|chinhphu.vn|vietnamplus.vn|nhandan.vn|un.org|asean.org|apec.org|europa.eu,by_event/viet-nam-ki-ket-evfta
viet-nam-ki-ket-hiep-uoc-bien-gioi-trung-quoc,Việt Nam kí kết các hiệp ước về biên giới trên đất liền và phân định vịnh Bắc Bộ với Trung Quốc,Trong thời kì Đổi mới,atomic,post_1975,chinhphu.vn|dangcongsan.vn|tulieuvankien.dangcongsan.vn|quochoi.vn|mofa.gov.vn|vietnamplus.vn|nhandan.vn|un.org|unphoto.un.org,by_event/viet-nam-ki-ket-hiep-uoc-bien-gioi-trung-quoc
viet-nam-ki-ket-nghi-dinh-thu-ki-o-to,Việt Nam kí kết Nghị định thư Ki-ô-tô,Trong thời kì Đổi mới,atomic,post_1975,chinhphu.vn|dangcongsan.vn|tulieuvankien.dangcongsan.vn|quochoi.vn|mofa.gov.vn|vietnamplus.vn|nhandan.vn|un.org|unphoto.un.org,by_event/viet-nam-ki-ket-nghi-dinh-thu-ki-o-to
viet-nam-ki-ket-rcep,Việt Nam kí kết Hiệp định Đối tác kinh tế toàn diện Khu vực (RCEP),Trong thời kì Đổi mới,atomic,diplomacy,mofa.gov.vn|chinhphu.vn|vietnamplus.vn|nhandan.vn|un.org|asean.org|apec.org|europa.eu,by_event/viet-nam-ki-ket-rcep
viet-nam-lao-cam-pu-chia-chuyen-sang-kinh-te-thi-truong-va-cong-nghiep-hoa,"Việt Nam, Lào, Cam-pu-chia chuyển sang kinh tế thị trường và công nghiệp hóa",Từ cuối thập kỉ 80 – 90 của thế kỉ XX,atomic,post_1975,chinhphu.vn|dangcongsan.vn|tulieuvankien.dangcongsan.vn|quochoi.vn|mofa.gov.vn|vietnamplus.vn|nhandan.vn|un.org|unphoto.un.org,by_event/viet-nam-lao-cam-pu-chia-chuyen-sang-kinh-te-thi-truong-va-cong-nghiep-hoa
viet-nam-mo-co-quan-dai-dien-ngoai-giao-va-thong-tin-o-nuoc-ngoai,Việt Nam mở các cơ quan đại diện ngoại giao và thông tin ở nước ngoài,Trong kháng chiến chống Pháp (1945-1954),atomic,diplomacy,mofa.gov.vn|chinhphu.vn|vietnamplus.vn|nhandan.vn|un.org|asean.org|apec.org|europa.eu,by_event/viet-nam-mo-co-quan-dai-dien-ngoai-giao-va-thong-tin-o-nuoc-ngoai
viet-nam-tham-gia-afta,Việt Nam kí hiệp định tham gia Khu vực Mậu dịch tự do ASEAN (AFTA),Trong thời kì Đổi mới (sau 1995),atomic,diplomacy,mofa.gov.vn|chinhphu.vn|vietnamplus.vn|nhandan.vn|un.org|asean.org|apec.org|europa.eu,by_event/viet-nam-tham-gia-afta
viet-nam-thoan-thuan-bien-gioi-lao-cam-pu-chia,"Việt Nam đạt được nhiều thoả thuận trong phát triển đường biên giới hoà bình, hữu nghị với Lào và Cam-pu-chia",Trong thời kì Đổi mới,atomic,post_1975,chinhphu.vn|dangcongsan.vn|tulieuvankien.dangcongsan.vn|quochoi.vn|mofa.gov.vn|vietnamplus.vn|nhandan.vn|un.org|unphoto.un.org,by_event/viet-nam-thoan-thuan-bien-gioi-lao-cam-pu-chia
viet-nam-to-chuc-hoi-nghi-quoc-te-asean-asem-apec,"Việt Nam tổ chức thành công nhiều hội nghị quốc tế quan trọng thuộc ASEAN, ASEM và APEC",Trong thời kì Đổi mới (từ 1986 đến nay),atomic,diplomacy,mofa.gov.vn|chinhphu.vn|vietnamplus.vn|nhandan.vn|un.org|asean.org|apec.org|europa.eu,by_event/viet-nam-to-chuc-hoi-nghi-quoc-te-asean-asem-apec
viet-nam-uy-vien-khong-thuong-truc-hoi-dong-bao-an-lhq,Việt Nam được bầu vào vị trí Uỷ viên không thường trực Hội đồng Bảo an Liên hợp quốc,Nhiệm kì 2008 – 2009 và 2020 - 2021,atomic,diplomacy,mofa.gov.vn|chinhphu.vn|vietnamplus.vn|nhandan.vn|un.org|asean.org|apec.org|europa.eu,by_event/viet-nam-uy-vien-khong-thuong-truc-hoi-dong-bao-an-lhq
vndcch-can-bang-quan-he-voi-lien-xo-trung-quoc-va-van-dong-vien-tro,"Việt Nam Dân chủ Cộng hoà cân bằng quan hệ với Liên Xô, Trung Quốc và vận động viện trợ",Trong kháng chiến chống Mỹ (1954-1975),atomic,diplomacy,mofa.gov.vn|chinhphu.vn|vietnamplus.vn|nhandan.vn|un.org|asean.org|apec.org|europa.eu,by_event/vndcch-can-bang-quan-he-voi-lien-xo-trung-quoc-va-van-dong-vien-tro
vndcch-dau-tranh-doi-thi-hanh-hiep-dinh-gio-ne-vo,Việt Nam Dân chủ Cộng hoà đấu tranh đòi thi hành Hiệp định Giơ-ne-vơ,Trong kháng chiến chống Mỹ (1954-1975),atomic,war_1945_1975,btlsqsvn.org.vn|qdnd.vn|nhandan.vn|vietnamplus.vn|hochiminh.vn|baotanglichsu.vn|luutru.gov.vn|loc.gov|archives.gov,by_event/vndcch-dau-tranh-doi-thi-hanh-hiep-dinh-gio-ne-vo
vndcch-gap-go-dang-cong-san-phap-va-cac-to-chuc-quoc-te,Chính phủ Việt Nam Dân chủ Cộng hoà gặp gỡ đại diện Đảng Cộng sản Pháp và nhiều tổ chức quốc tế,Sau năm 1950,atomic,war_1945_1975,btlsqsvn.org.vn|qdnd.vn|nhandan.vn|vietnamplus.vn|hochiminh.vn|baotanglichsu.vn|luutru.gov.vn|loc.gov|archives.gov,by_event/vndcch-gap-go-dang-cong-san-phap-va-cac-to-chuc-quoc-te
vndcch-thiet-lap-quan-he-ngoai-giao-voi-lao-campuchia-va-ung-ho-phong-trao-giai-phong-dan-toc,"Việt Nam Dân chủ Cộng hoà thiết lập quan hệ ngoại giao với Lào, Campuchia và ủng hộ phong trào giải phóng dân tộc",Trong kháng chiến chống Mỹ (1954-1975),atomic,diplomacy,mofa.gov.vn|chinhphu.vn|vietnamplus.vn|nhandan.vn|un.org|asean.org|apec.org|europa.eu,by_event/vndcch-thiet-lap-quan-he-ngoai-giao-voi-lao-campuchia-va-ung-ho-phong-trao-giai-phong-dan-toc
vu-an-le-chi-vien,Vụ án Lệ Chi Viên,Trước năm 1460,atomic,ancient_medieval,baotanglichsu.vn|disanvanhoa.gov.vn|bvhttdl.gov.vn|qdnd.vn|nhandan.vn|unesco.org|whc.unesco.org,by_event/vu-an-le-chi-vien
xa-tro-thanh-ten-goi-pho-bien,Xã chính thức trở thành tên gọi phổ biến,Từ thế kỉ X,atomic,ancient_medieval,baotanglichsu.vn|disanvanhoa.gov.vn|bvhttdl.gov.vn|qdnd.vn|nhandan.vn|unesco.org|whc.unesco.org,by_event/xa-tro-thanh-ten-goi-pho-bien
