priority,eventId,title,category,currentPolicyGeoType,currentMarkerSummary,currentRegionSummary,issue,agentRecommendation,allowedDecisions,reviewerDecision,approvedGeoType,approvedMarkers,approvedProvinceNames,approvedGadmRefs,reviewer,reviewDate,reviewerNote
P1,bac-thanh-duoc-lap,Bắc Thành được lập,multi-point integrity flag: B_duplicate_coordinates,multi_point,Sơn Tây(high); Sơn Tây(high); Quảng Yên(high); Sơn Nam Thượng(medium); Bắc Thành(high); Hưng Hoá(high); Kinh Bắc(medium); Sơn Nam Hạ(medium),,multi-point integrity flag: B_duplicate_coordinates,Review policy candidate geometry; no autonomous approval.,"['ACCEPT_POLICY', 'KEEP_MARKERS', 'SET_POINT', 'SET_MULTI_POINT', 'SET_MULTI_POLYGON', 'SET_MIXED', 'SET_NATIONWIDE', 'DISABLE_GEOMETRY', 'NEED_MORE_EVIDENCE']",DISABLE_GEOMETRY,no_location,[],[],[],Project owner — delegated policy approval,2026-08-04,Marker provenance insufficient or fewer than two independent locations after dedup. Fail-closed no_location applied.
P1,bru-nay-tuyen-bo-ranh-gioi-them-luc-dia,Bru-nây tuyên bố về ranh giới thềm lục địa 200 hải lí,island/border/transnational,no_location,,,island/border/transnational,Review policy candidate geometry; no autonomous approval.,"['ACCEPT_POLICY', 'KEEP_MARKERS', 'SET_POINT', 'SET_MULTI_POINT', 'SET_MULTI_POLYGON', 'SET_MIXED', 'SET_NATIONWIDE', 'DISABLE_GEOMETRY', 'NEED_MORE_EVIDENCE']",ACCEPT_POLICY,no_location,[],[],[],Project owner — delegated policy approval,2026-08-04,Fail-closed no_location retained for high-risk island/border/transnational event. Official external evidence not collected this round; geometry is not restored without it.
P1,bru-nay-tuyen-bo-vung-dac-quyen-kinh-te,Bru-nây tuyên bố về vùng đặc quyền kinh tế,island/border/transnational,no_location,,,island/border/transnational,Review policy candidate geometry; no autonomous approval.,"['ACCEPT_POLICY', 'KEEP_MARKERS', 'SET_POINT', 'SET_MULTI_POINT', 'SET_MULTI_POLYGON', 'SET_MIXED', 'SET_NATIONWIDE', 'DISABLE_GEOMETRY', 'NEED_MORE_EVIDENCE']",ACCEPT_POLICY,no_location,[],[],[],Project owner — delegated policy approval,2026-08-04,Fail-closed no_location retained for high-risk island/border/transnational event. Official external evidence not collected this round; geometry is not restored without it.
P1,cac-chien-dich-tien-cong-quan-doi-viet-nam-1950-1953,Các chiến dịch tiến công của Quân đội Việt Nam (1950-1953),multi-point integrity flag: B_duplicate_coordinates,multi_point,Trung du(low); Trung du(low); Tây Bắc(low); Hà Nam Ninh(medium),,multi-point integrity flag: B_duplicate_coordinates,Review policy candidate geometry; no autonomous approval.,"['ACCEPT_POLICY', 'KEEP_MARKERS', 'SET_POINT', 'SET_MULTI_POINT', 'SET_MULTI_POLYGON', 'SET_MIXED', 'SET_NATIONWIDE', 'DISABLE_GEOMETRY', 'NEED_MORE_EVIDENCE']",DISABLE_GEOMETRY,no_location,[],[],[],Project owner — delegated policy approval,2026-08-04,Marker provenance insufficient or fewer than two independent locations after dedup. Fail-closed no_location applied.
P1,cac-chien-thang-quan-su-1964-1965,Các chiến thắng quân sự 1964-1965,multi-point integrity flag: B_duplicate_coordinates,multi_point,Đồng Xoài (Bình Phước)(high); Đồng Xoài (Bình Phước)(high); Ba Gia (Quảng Ngãi)(high); Bình Giã (Bà Rịa – Vũng Tàu)(high); An Lão (Bình Định)(high),,multi-point integrity flag: B_duplicate_coordinates,Review policy candidate geometry; no autonomous approval.,"['ACCEPT_POLICY', 'KEEP_MARKERS', 'SET_POINT', 'SET_MULTI_POINT', 'SET_MULTI_POLYGON', 'SET_MIXED', 'SET_NATIONWIDE', 'DISABLE_GEOMETRY', 'NEED_MORE_EVIDENCE']",SET_MULTI_POINT,multi_point,"[{""name"": ""Đồng Xoài (Bình Phước)"", ""lat"": 11.5333, ""lng"": 106.9, ""confidence"": ""high""}, {""name"": ""Ba Gia (Quảng Ngãi)"", ""lat"": 15.1833, ""lng"": 108.7833, ""confidence"": ""high""}, {""name"": ""Bình Giã (Bà Rịa – Vũng Tàu)"", ""lat"": 10.65, ""lng"": 107.25, ""confidence"": ""high""}, {""name"": ""An Lão (Bình Định)"", ""lat"": 14.5, ""lng"": 108.7, ""confidence"": ""high""}]",[],[],Project owner — delegated policy approval,2026-08-04,Distinct high-confidence named localities retained after deduplicating the serialization artifact; no region evidence added. Not claimed as fully verified history.
P1,cac-dia-phuong-cuoi-cung-gianh-chinh-quyen,Đồng Nai Thượng và Hà Tiên là những địa phương cuối cùng giành chính quyền,multi-point integrity flag: B_duplicate_coordinates,multi_point,Đồng Nai Thượng(medium); Đồng Nai Thượng(medium); Hà Tiên(high),,multi-point integrity flag: B_duplicate_coordinates,Review policy candidate geometry; no autonomous approval.,"['ACCEPT_POLICY', 'KEEP_MARKERS', 'SET_POINT', 'SET_MULTI_POINT', 'SET_MULTI_POLYGON', 'SET_MIXED', 'SET_NATIONWIDE', 'DISABLE_GEOMETRY', 'NEED_MORE_EVIDENCE']",DISABLE_GEOMETRY,no_location,[],[],[],Project owner — delegated policy approval,2026-08-04,Marker provenance insufficient or fewer than two independent locations after dedup. Fail-closed no_location applied.
P1,cai-cach-ho-quy-ly-trieu-ho,Cải cách của Hồ Quý Ly và triều Hồ,multi-point integrity flag: B_duplicate_coordinates,multi_point,Đa Bang(medium); Đa Bang(medium); Tây Đô(high),,multi-point integrity flag: B_duplicate_coordinates,Review policy candidate geometry; no autonomous approval.,"['ACCEPT_POLICY', 'KEEP_MARKERS', 'SET_POINT', 'SET_MULTI_POINT', 'SET_MULTI_POLYGON', 'SET_MIXED', 'SET_NATIONWIDE', 'DISABLE_GEOMETRY', 'NEED_MORE_EVIDENCE']",DISABLE_GEOMETRY,no_location,[],[],[],Project owner — delegated policy approval,2026-08-04,Marker provenance insufficient or fewer than two independent locations after dedup. Fail-closed no_location applied.
P1,cai-cach-le-thanh-tong,Cuộc cải cách của Lê Thánh Tông,multi-point integrity flag: B_duplicate_only_one_distinct,multi_point,Đại Việt(low); Đại Việt(low),,multi-point integrity flag: B_duplicate_only_one_distinct,Review policy candidate geometry; no autonomous approval.,"['ACCEPT_POLICY', 'KEEP_MARKERS', 'SET_POINT', 'SET_MULTI_POINT', 'SET_MULTI_POLYGON', 'SET_MIXED', 'SET_NATIONWIDE', 'DISABLE_GEOMETRY', 'NEED_MORE_EVIDENCE']",DISABLE_GEOMETRY,no_location,[],[],[],Project owner — delegated policy approval,2026-08-04,Multi-point contract violated: only one distinct coordinate and/or marker provenance insufficient. Fail-closed no_location applied.
P1,chien-dau-cac-do-thi-phia-bac-vi-tuyen-16-1946-1947,Cuộc chiến đấu ở các đô thị phía Bắc vĩ tuyến 16,multi-point integrity flag: B_duplicate_coordinates,multi_point,Bưu điện Bờ Hồ(high); Bưu điện Bờ Hồ(high); phố Khâm Thiên(high); Bắc Bộ Phủ(high); phía Bắc vĩ tuyến 16(low); ga Hàng Cỏ(high); Vinh(high),,multi-point integrity flag: B_duplicate_coordinates,Review policy candidate geometry; no autonomous approval.,"['ACCEPT_POLICY', 'KEEP_MARKERS', 'SET_POINT', 'SET_MULTI_POINT', 'SET_MULTI_POLYGON', 'SET_MIXED', 'SET_NATIONWIDE', 'DISABLE_GEOMETRY', 'NEED_MORE_EVIDENCE']",DISABLE_GEOMETRY,no_location,[],[],[],Project owner — delegated policy approval,2026-08-04,Marker provenance insufficient or fewer than two independent locations after dedup. Fail-closed no_location applied.
P1,chien-dich-bien-gioi-thu-dong-1950,Chiến dịch Biên giới thu – đông năm 1950,multi-point integrity flag: B_duplicate_coordinates,multi_point,Đông Khê(high); Đông Khê(high); biên giới Việt – Trung(low); Việt Bắc(medium),,multi-point integrity flag: B_duplicate_coordinates,Review policy candidate geometry; no autonomous approval.,"['ACCEPT_POLICY', 'KEEP_MARKERS', 'SET_POINT', 'SET_MULTI_POINT', 'SET_MULTI_POLYGON', 'SET_MIXED', 'SET_NATIONWIDE', 'DISABLE_GEOMETRY', 'NEED_MORE_EVIDENCE']",DISABLE_GEOMETRY,no_location,[],[],[],Project owner — delegated policy approval,2026-08-04,Marker provenance insufficient or fewer than two independent locations after dedup. Fail-closed no_location applied.
P1,chien-dich-dien-bien-phu-1954,Chiến dịch Điện Biên Phủ,multi-point integrity flag: B_duplicate_coordinates,multi_point,Him Lam(high); Him Lam(high); Đồi Độc Lập(high); Mường Thanh(high); Bản Kéo(high); Điện Biên Phủ(high),,multi-point integrity flag: B_duplicate_coordinates,Review policy candidate geometry; no autonomous approval.,"['ACCEPT_POLICY', 'KEEP_MARKERS', 'SET_POINT', 'SET_MULTI_POINT', 'SET_MULTI_POLYGON', 'SET_MIXED', 'SET_NATIONWIDE', 'DISABLE_GEOMETRY', 'NEED_MORE_EVIDENCE']",SET_MULTI_POINT,multi_point,"[{""name"": ""Him Lam"", ""lat"": 21.405, ""lng"": 103.023, ""confidence"": ""high""}, {""name"": ""Đồi Độc Lập"", ""lat"": 21.428, ""lng"": 103.012, ""confidence"": ""high""}, {""name"": ""Mường Thanh"", ""lat"": 21.385, ""lng"": 103.006, ""confidence"": ""high""}, {""name"": ""Bản Kéo"", ""lat"": 21.411, ""lng"": 102.986, ""confidence"": ""high""}, {""name"": ""Điện Biên Phủ"", ""lat"": 21.3861, ""lng"": 103.0167, ""confidence"": ""high""}]",[],[],Project owner — delegated policy approval,2026-08-04,Distinct high-confidence named localities retained after deduplicating the serialization artifact; no region evidence added. Not claimed as fully verified history.
P1,chien-dich-giai-phong-sai-gon-gia-dinh-chien-dich-ho-chi-minh,Chiến dịch giải phóng Sài Gòn – Gia Định,multi-point integrity flag: B_duplicate_coordinates,multi_point,Phan Rang(high); Phan Rang(high); Xuân Lộc(high); Dinh Độc Lập(high),,multi-point integrity flag: B_duplicate_coordinates,Review policy candidate geometry; no autonomous approval.,"['ACCEPT_POLICY', 'KEEP_MARKERS', 'SET_POINT', 'SET_MULTI_POINT', 'SET_MULTI_POLYGON', 'SET_MIXED', 'SET_NATIONWIDE', 'DISABLE_GEOMETRY', 'NEED_MORE_EVIDENCE']",SET_MULTI_POINT,multi_point,"[{""name"": ""Phan Rang"", ""lat"": 11.5667, ""lng"": 108.9833, ""confidence"": ""high""}, {""name"": ""Xuân Lộc"", ""lat"": 10.9, ""lng"": 107.3, ""confidence"": ""high""}, {""name"": ""Dinh Độc Lập"", ""lat"": 10.7792, ""lng"": 106.695, ""confidence"": ""high""}]",[],[],Project owner — delegated policy approval,2026-08-04,Distinct high-confidence named localities retained after deduplicating the serialization artifact; no region evidence added. Not claimed as fully verified history.
P1,chien-dich-viet-bac-thu-dong-1947,Chiến dịch Việt Bắc thu – đông năm 1947,multi-point integrity flag: B_duplicate_coordinates,multi_point,Đoan Hùng(high); Đoan Hùng(high); Chợ Đồn(high); Việt Bắc(medium); Chợ Rã(high),,multi-point integrity flag: B_duplicate_coordinates,Review policy candidate geometry; no autonomous approval.,"['ACCEPT_POLICY', 'KEEP_MARKERS', 'SET_POINT', 'SET_MULTI_POINT', 'SET_MULTI_POLYGON', 'SET_MIXED', 'SET_NATIONWIDE', 'DISABLE_GEOMETRY', 'NEED_MORE_EVIDENCE']",DISABLE_GEOMETRY,no_location,[],[],[],Project owner — delegated policy approval,2026-08-04,Marker provenance insufficient or fewer than two independent locations after dedup. Fail-closed no_location applied.
P1,chien-si-hai-quan-nhan-dan-viet-nam-hi-sinh-bao-ve-gac-ma-co-lin-len-dao,"Chiến sĩ hải quân Nhân dân Việt Nam hi sinh anh dũng khi chiến đấu bảo vệ chủ quyền tại các đảo Gạc Ma, Cô Lin, Len Đao",island/border/transnational,no_location,,,island/border/transnational,Review policy candidate geometry; no autonomous approval.,"['ACCEPT_POLICY', 'KEEP_MARKERS', 'SET_POINT', 'SET_MULTI_POINT', 'SET_MULTI_POLYGON', 'SET_MIXED', 'SET_NATIONWIDE', 'DISABLE_GEOMETRY', 'NEED_MORE_EVIDENCE']",ACCEPT_POLICY,no_location,[],[],[],Project owner — delegated policy approval,2026-08-04,Fail-closed no_location retained for high-risk island/border/transnational event. Official external evidence not collected this round; geometry is not restored without it.
P0,chien-thang-bach-dang-938,Chiến thắng Bạch Đằng (938),P0 / demo / override;multi-point integrity flag: B_duplicate_only_one_distinct,multi_point,Bạch Đằng(medium); Bạch Đằng(medium),,P0 / demo / override; multi-point integrity flag: B_duplicate_only_one_distinct,Review policy candidate geometry; no autonomous approval.,"['ACCEPT_POLICY', 'KEEP_MARKERS', 'SET_POINT', 'SET_MULTI_POINT', 'SET_MULTI_POLYGON', 'SET_MIXED', 'SET_NATIONWIDE', 'DISABLE_GEOMETRY', 'NEED_MORE_EVIDENCE']",SET_POINT,point,"[{""name"": ""Bạch Đằng"", ""lat"": 20.8833, ""lng"": 106.8, ""confidence"": ""medium""}]",[],[],Project owner — delegated policy approval,2026-08-04,The overview map uses one representative Bạch Đằng point. Detailed battle stages belong to the separate event-specific 3D module and are not represented by the generic mapData contract.
P1,chu-quyen-viet-nam-duoc-tuyen-bo-cong-nhan-hoi-nghi-xan-phran-xi-xo,Chủ quyền của Việt Nam đối với Hoàng Sa và Trường Sa được tuyên bố và công nhận tại Hội nghị Hoà bình Xan Phran-xi-xcô,island/border/transnational,no_location,,,island/border/transnational,Review policy candidate geometry; no autonomous approval.,"['ACCEPT_POLICY', 'KEEP_MARKERS', 'SET_POINT', 'SET_MULTI_POINT', 'SET_MULTI_POLYGON', 'SET_MIXED', 'SET_NATIONWIDE', 'DISABLE_GEOMETRY', 'NEED_MORE_EVIDENCE']",ACCEPT_POLICY,no_location,[],[],[],Project owner — delegated policy approval,2026-08-04,Fail-closed no_location retained for high-risk island/border/transnational event. Official external evidence not collected this round; geometry is not restored without it.
P1,cuoc-cai-cach-cua-minh-mang,Cuộc cải cách của Minh Mạng,multi-point integrity flag: B_duplicate_coordinates,multi_point,Gia Định Thành(high); Gia Định Thành(high); Bắc Thành(high); Thừa Thiên(high); Quảng Đức(medium); Nam Kì(medium),,multi-point integrity flag: B_duplicate_coordinates,Review policy candidate geometry; no autonomous approval.,"['ACCEPT_POLICY', 'KEEP_MARKERS', 'SET_POINT', 'SET_MULTI_POINT', 'SET_MULTI_POLYGON', 'SET_MIXED', 'SET_NATIONWIDE', 'DISABLE_GEOMETRY', 'NEED_MORE_EVIDENCE']",DISABLE_GEOMETRY,no_location,[],[],[],Project owner — delegated policy approval,2026-08-04,Marker provenance insufficient or fewer than two independent locations after dedup. Fail-closed no_location applied.
P1,dai-loan-chiem-dong-dao-ba-binh-truong-sa,Đài Loan chiếm đóng đảo Ba Bình thuộc quần đảo Trường Sa,island/border/transnational,no_location,,,island/border/transnational,Review policy candidate geometry; no autonomous approval.,"['ACCEPT_POLICY', 'KEEP_MARKERS', 'SET_POINT', 'SET_MULTI_POINT', 'SET_MULTI_POLYGON', 'SET_MIXED', 'SET_NATIONWIDE', 'DISABLE_GEOMETRY', 'NEED_MORE_EVIDENCE']",ACCEPT_POLICY,no_location,[],[],[],Project owner — delegated policy approval,2026-08-04,Fail-closed no_location retained for high-risk island/border/transnational event. Official external evidence not collected this round; geometry is not restored without it.
P1,dinh-tien-le-dong-do-hoa-lu,Triều Đinh và Tiền Lê đóng đô ở Hoa Lư,multi-point integrity flag: B_duplicate_only_one_distinct,multi_point,Hoa Lư(high); Hoa Lư(high),,multi-point integrity flag: B_duplicate_only_one_distinct,Review policy candidate geometry; no autonomous approval.,"['ACCEPT_POLICY', 'KEEP_MARKERS', 'SET_POINT', 'SET_MULTI_POINT', 'SET_MULTI_POLYGON', 'SET_MIXED', 'SET_NATIONWIDE', 'DISABLE_GEOMETRY', 'NEED_MORE_EVIDENCE']",SET_POINT,point,"[{""name"": ""Hoa Lư"", ""lat"": 20.2833, ""lng"": 105.9, ""confidence"": ""high""}]",[],[],Project owner — delegated policy approval,2026-08-04,Single distinct named locality with high confidence retained as a point; the duplicated marker artifact is removed. Not claimed as fully verified history.
P1,do-dac-cam-moc-chu-quyen-hoang-sa-pham-huu-nhat,"Đo đạc, cắm mốc chủ quyền Hoàng Sa của Phạm Hữu Nhật",island/border/transnational,no_location,,,island/border/transnational,Review policy candidate geometry; no autonomous approval.,"['ACCEPT_POLICY', 'KEEP_MARKERS', 'SET_POINT', 'SET_MULTI_POINT', 'SET_MULTI_POLYGON', 'SET_MIXED', 'SET_NATIONWIDE', 'DISABLE_GEOMETRY', 'NEED_MORE_EVIDENCE']",ACCEPT_POLICY,no_location,[],[],[],Project owner — delegated policy approval,2026-08-04,Fail-closed no_location retained for high-risk island/border/transnational event. Official external evidence not collected this round; geometry is not restored without it.
P1,doi-dinh-quang-duc-thanh-phu-thua-thien,Đổi dinh Quảng Đức thành phủ Thừa Thiên,multi-point integrity flag: B_duplicate_coordinates,multi_point,Thừa Thiên(high); Thừa Thiên(high); Quảng Đức(medium),,multi-point integrity flag: B_duplicate_coordinates,Review policy candidate geometry; no autonomous approval.,"['ACCEPT_POLICY', 'KEEP_MARKERS', 'SET_POINT', 'SET_MULTI_POINT', 'SET_MULTI_POLYGON', 'SET_MIXED', 'SET_NATIONWIDE', 'DISABLE_GEOMETRY', 'NEED_MORE_EVIDENCE']",DISABLE_GEOMETRY,no_location,[],[],[],Project owner — delegated policy approval,2026-08-04,Marker provenance insufficient or fewer than two independent locations after dedup. Fail-closed no_location applied.
P1,ga-cong-chua-thieu-dung-duong-tu-minh-1144,Gả Công chúa Thiều Dung cho Dương Tự Minh,island/border/transnational,multi_polygon,,Thái Nguyên,island/border/transnational,Review policy candidate geometry; no autonomous approval.,"['ACCEPT_POLICY', 'KEEP_MARKERS', 'SET_POINT', 'SET_MULTI_POINT', 'SET_MULTI_POLYGON', 'SET_MIXED', 'SET_NATIONWIDE', 'DISABLE_GEOMETRY', 'NEED_MORE_EVIDENCE']",DISABLE_GEOMETRY,no_location,[],[],[],Project owner — delegated policy approval,2026-08-04,High-risk island/border/transnational event without confirmed official external evidence this round. Geometry disabled per fail-closed policy; historicalLocations preserved as context.
P1,gia-dinh-thanh-duoc-lap,Gia Định Thành được lập,multi-point integrity flag: B_duplicate_coordinates,multi_point,Định Tường(medium); Định Tường(medium); Gia Định Thành(high); Vĩnh Thanh(low); Biên Hoà(high),,multi-point integrity flag: B_duplicate_coordinates,Review policy candidate geometry; no autonomous approval.,"['ACCEPT_POLICY', 'KEEP_MARKERS', 'SET_POINT', 'SET_MULTI_POINT', 'SET_MULTI_POLYGON', 'SET_MIXED', 'SET_NATIONWIDE', 'DISABLE_GEOMETRY', 'NEED_MORE_EVIDENCE']",DISABLE_GEOMETRY,no_location,[],[],[],Project owner — delegated policy approval,2026-08-04,Marker provenance insufficient or fewer than two independent locations after dedup. Fail-closed no_location applied.
P1,giai-doan-khang-chien-chong-my-1954-1960,"Giai đoạn 1954 - 1960 của cuộc kháng chiến chống Mỹ, cứu nước",multi-point integrity flag: B_duplicate_coordinates,multi_point,Bắc Ái (Ninh Thuận)(high); Bắc Ái (Ninh Thuận)(high); Trà Bồng (Quảng Ngãi)(high); Vĩnh Thạnh (Bình Định)(high),,multi-point integrity flag: B_duplicate_coordinates,Review policy candidate geometry; no autonomous approval.,"['ACCEPT_POLICY', 'KEEP_MARKERS', 'SET_POINT', 'SET_MULTI_POINT', 'SET_MULTI_POLYGON', 'SET_MIXED', 'SET_NATIONWIDE', 'DISABLE_GEOMETRY', 'NEED_MORE_EVIDENCE']",SET_MULTI_POINT,multi_point,"[{""name"": ""Bắc Ái (Ninh Thuận)"", ""lat"": 11.75, ""lng"": 108.7, ""confidence"": ""high""}, {""name"": ""Trà Bồng (Quảng Ngãi)"", ""lat"": 15.25, ""lng"": 108.45, ""confidence"": ""high""}, {""name"": ""Vĩnh Thạnh (Bình Định)"", ""lat"": 14.3, ""lng"": 108.7, ""confidence"": ""high""}]",[],[],Project owner — delegated policy approval,2026-08-04,Distinct high-confidence named localities retained after deduplicating the serialization artifact; no region evidence added. Not claimed as fully verified history.
P1,giai-doan-khang-chien-chong-my-1961-1965,"Giai đoạn 1961 - 1965 của cuộc kháng chiến chống Mỹ, cứu nước",multi-point integrity flag: B_duplicate_coordinates,multi_point,Ba Gia (Quảng Ngãi)(high); Ba Gia (Quảng Ngãi)(high); Đồng Xoài (Bình Phước)(high); Ấp Bắc (Mỹ Tho)(high); Bình Giã (Bà Rịa – Vũng Tàu)(high); An Lão (Bình Định)(high),,multi-point integrity flag: B_duplicate_coordinates,Review policy candidate geometry; no autonomous approval.,"['ACCEPT_POLICY', 'KEEP_MARKERS', 'SET_POINT', 'SET_MULTI_POINT', 'SET_MULTI_POLYGON', 'SET_MIXED', 'SET_NATIONWIDE', 'DISABLE_GEOMETRY', 'NEED_MORE_EVIDENCE']",SET_MULTI_POINT,multi_point,"[{""name"": ""Ba Gia (Quảng Ngãi)"", ""lat"": 15.1833, ""lng"": 108.7833, ""confidence"": ""high""}, {""name"": ""Đồng Xoài (Bình Phước)"", ""lat"": 11.5333, ""lng"": 106.9, ""confidence"": ""high""}, {""name"": ""Ấp Bắc (Mỹ Tho)"", ""lat"": 10.43, ""lng"": 106.15, ""confidence"": ""high""}, {""name"": ""Bình Giã (Bà Rịa – Vũng Tàu)"", ""lat"": 10.65, ""lng"": 107.25, ""confidence"": ""high""}, {""name"": ""An Lão (Bình Định)"", ""lat"": 14.5, ""lng"": 108.7, ""confidence"": ""high""}]",[],[],Project owner — delegated policy approval,2026-08-04,Distinct high-confidence named localities retained after deduplicating the serialization artifact; no region evidence added. Not claimed as fully verified history.
P1,giai-doan-khang-chien-chong-my-1965-1968,"Giai đoạn 1965 - 1968 của cuộc kháng chiến chống Mỹ, cứu nước",multi-point integrity flag: B_duplicate_coordinates,multi_point,Vạn Tường (Quảng Ngãi)(high); Vạn Tường (Quảng Ngãi)(high); Vịnh Bắc Bộ(medium),,multi-point integrity flag: B_duplicate_coordinates,Review policy candidate geometry; no autonomous approval.,"['ACCEPT_POLICY', 'KEEP_MARKERS', 'SET_POINT', 'SET_MULTI_POINT', 'SET_MULTI_POLYGON', 'SET_MIXED', 'SET_NATIONWIDE', 'DISABLE_GEOMETRY', 'NEED_MORE_EVIDENCE']",DISABLE_GEOMETRY,no_location,[],[],[],Project owner — delegated policy approval,2026-08-04,Marker provenance insufficient or fewer than two independent locations after dedup. Fail-closed no_location applied.
P1,giai-doan-khang-chien-chong-my-1973-1975,"Giai đoạn 1973 - 1975 của cuộc kháng chiến chống Mỹ, cứu nước",multi-point integrity flag: B_duplicate_coordinates,multi_point,Xuân Lộc(high); Xuân Lộc(high); Phan Rang(high); Dinh Độc Lập(high); Sài Gòn – Gia Định(high),,multi-point integrity flag: B_duplicate_coordinates,Review policy candidate geometry; no autonomous approval.,"['ACCEPT_POLICY', 'KEEP_MARKERS', 'SET_POINT', 'SET_MULTI_POINT', 'SET_MULTI_POLYGON', 'SET_MIXED', 'SET_NATIONWIDE', 'DISABLE_GEOMETRY', 'NEED_MORE_EVIDENCE']",SET_MULTI_POINT,multi_point,"[{""name"": ""Xuân Lộc"", ""lat"": 10.9, ""lng"": 107.3, ""confidence"": ""high""}, {""name"": ""Phan Rang"", ""lat"": 11.5667, ""lng"": 108.9833, ""confidence"": ""high""}, {""name"": ""Dinh Độc Lập"", ""lat"": 10.7792, ""lng"": 106.695, ""confidence"": ""high""}, {""name"": ""Sài Gòn – Gia Định"", ""lat"": 10.7769, ""lng"": 106.7009, ""confidence"": ""high""}]",[],[],Project owner — delegated policy approval,2026-08-04,Distinct high-confidence named localities retained after deduplicating the serialization artifact; no region evidence added. Not claimed as fully verified history.
P1,giai-phong-hue-va-thua-thien,Giải phóng thành phố Huế và toàn tỉnh Thừa Thiên,multi-point integrity flag: B_duplicate_only_one_distinct,multi_point,Thừa Thiên(high); Thừa Thiên(high),,multi-point integrity flag: B_duplicate_only_one_distinct,Review policy candidate geometry; no autonomous approval.,"['ACCEPT_POLICY', 'KEEP_MARKERS', 'SET_POINT', 'SET_MULTI_POINT', 'SET_MULTI_POLYGON', 'SET_MIXED', 'SET_NATIONWIDE', 'DISABLE_GEOMETRY', 'NEED_MORE_EVIDENCE']",SET_POINT,point,"[{""name"": ""Thừa Thiên"", ""lat"": 16.4637, ""lng"": 107.5909, ""confidence"": ""high""}]",[],[],Project owner — delegated policy approval,2026-08-04,Single distinct named locality with high confidence retained as a point; the duplicated marker artifact is removed. Not claimed as fully verified history.
P1,giai-phong-thi-xa-thai-nguyen,Giải phóng thị xã Thái Nguyên,multi-point integrity flag: B_duplicate_only_one_distinct,multi_point,Tân Trào(high); Tân Trào(high),,multi-point integrity flag: B_duplicate_only_one_distinct,Review policy candidate geometry; no autonomous approval.,"['ACCEPT_POLICY', 'KEEP_MARKERS', 'SET_POINT', 'SET_MULTI_POINT', 'SET_MULTI_POLYGON', 'SET_MIXED', 'SET_NATIONWIDE', 'DISABLE_GEOMETRY', 'NEED_MORE_EVIDENCE']",SET_POINT,point,"[{""name"": ""Tân Trào"", ""lat"": 21.75, ""lng"": 105.35, ""confidence"": ""high""}]",[],[],Project owner — delegated policy approval,2026-08-04,Single distinct named locality with high confidence retained as a point; the duplicated marker artifact is removed. Not claimed as fully verified history.
P1,hinh-thanh-phat-trien-van-minh-cham-pa,Hình thành và phát triển văn minh Chăm-pa,multi-point integrity flag: B_duplicate_only_one_distinct,multi_point,cao nguyên Trường Sơn Việt Nam(low); cao nguyên Trường Sơn Việt Nam(low),,multi-point integrity flag: B_duplicate_only_one_distinct,Review policy candidate geometry; no autonomous approval.,"['ACCEPT_POLICY', 'KEEP_MARKERS', 'SET_POINT', 'SET_MULTI_POINT', 'SET_MULTI_POLYGON', 'SET_MIXED', 'SET_NATIONWIDE', 'DISABLE_GEOMETRY', 'NEED_MORE_EVIDENCE']",DISABLE_GEOMETRY,no_location,[],[],[],Project owner — delegated policy approval,2026-08-04,Multi-point contract violated: only one distinct coordinate and/or marker provenance insufficient. Fail-closed no_location applied.
P1,hinh-thanh-phat-trien-van-minh-van-lang-au-lac,Hình thành và phát triển văn minh Văn Lang – Âu Lạc,multi-point integrity flag: B_duplicate_only_one_distinct,multi_point,Bắc Trung Bộ Việt Nam(low); Bắc Trung Bộ Việt Nam(low),,multi-point integrity flag: B_duplicate_only_one_distinct,Review policy candidate geometry; no autonomous approval.,"['ACCEPT_POLICY', 'KEEP_MARKERS', 'SET_POINT', 'SET_MULTI_POINT', 'SET_MULTI_POLYGON', 'SET_MIXED', 'SET_NATIONWIDE', 'DISABLE_GEOMETRY', 'NEED_MORE_EVIDENCE']",DISABLE_GEOMETRY,no_location,[],[],[],Project owner — delegated policy approval,2026-08-04,Multi-point contract violated: only one distinct coordinate and/or marker provenance insufficient. Fail-closed no_location applied.
P1,hoi-nghi-dien-hong,Hội nghị Diên Hồng,multi-point integrity flag: B_duplicate_coordinates,multi_point,điện Diên Hồng(high); điện Diên Hồng(high); Thăng Long(high),,multi-point integrity flag: B_duplicate_coordinates,Review policy candidate geometry; no autonomous approval.,"['ACCEPT_POLICY', 'KEEP_MARKERS', 'SET_POINT', 'SET_MULTI_POINT', 'SET_MULTI_POLYGON', 'SET_MIXED', 'SET_NATIONWIDE', 'DISABLE_GEOMETRY', 'NEED_MORE_EVIDENCE']",SET_MULTI_POINT,multi_point,"[{""name"": ""điện Diên Hồng"", ""lat"": 21.0375, ""lng"": 105.8383, ""confidence"": ""high""}, {""name"": ""Thăng Long"", ""lat"": 21.0285, ""lng"": 105.8542, ""confidence"": ""high""}]",[],[],Project owner — delegated policy approval,2026-08-04,Distinct high-confidence named localities retained after deduplicating the serialization artifact; no region evidence added. Not claimed as fully verified history.
P1,hoi-nghi-lan-thu-8-ban-chap-hanh-trung-uong-dang-cong-san-dong-duong,Hội nghị lần thứ 8 Ban Chấp hành Trung ương Đảng Cộng sản Đông Dương,multi-point integrity flag: B_duplicate_coordinates,multi_point,Pác Bó(high); Pác Bó(high); Hà Quảng(high),,multi-point integrity flag: B_duplicate_coordinates,Review policy candidate geometry; no autonomous approval.,"['ACCEPT_POLICY', 'KEEP_MARKERS', 'SET_POINT', 'SET_MULTI_POINT', 'SET_MULTI_POLYGON', 'SET_MIXED', 'SET_NATIONWIDE', 'DISABLE_GEOMETRY', 'NEED_MORE_EVIDENCE']",SET_MULTI_POINT,multi_point,"[{""name"": ""Pác Bó"", ""lat"": 22.8833, ""lng"": 105.7167, ""confidence"": ""high""}, {""name"": ""Hà Quảng"", ""lat"": 22.85, ""lng"": 106.05, ""confidence"": ""high""}]",[],[],Project owner — delegated policy approval,2026-08-04,Distinct high-confidence named localities retained after deduplicating the serialization artifact; no region evidence added. Not claimed as fully verified history.
P0,hoi-nghi-thanh-lap-dang-cong-san-viet-nam,Nguyễn Ái Quốc triệu tập và chủ trì Hội nghị thành lập Đảng Cộng sản Việt Nam,P0 / demo / override,no_location,,,P0 / demo / override,Review policy candidate geometry; no autonomous approval.,"['ACCEPT_POLICY', 'KEEP_MARKERS', 'SET_POINT', 'SET_MULTI_POINT', 'SET_MULTI_POLYGON', 'SET_MIXED', 'SET_NATIONWIDE', 'DISABLE_GEOMETRY', 'NEED_MORE_EVIDENCE']",ACCEPT_POLICY,no_location,[],[],[],Project owner — delegated policy approval,2026-08-04,"Kowloon/Hong Kong is outside the Vietnam overview boundary layer. The former Mekong Delta coordinate was a disambiguation error. No operational overview-map geometry is approved. Historical locations (Cửu Long, Hương Cảng, Hồng Công) are preserved as context only."
P1,hoi-nghi-toan-quoc-cua-dang-tan-trao,Hội nghị toàn quốc của Đảng họp ở Tân Trào,multi-point integrity flag: B_duplicate_coordinates,multi_point,Tân Trào(high); Tân Trào(high); Sơn Dương(high),,multi-point integrity flag: B_duplicate_coordinates,Review policy candidate geometry; no autonomous approval.,"['ACCEPT_POLICY', 'KEEP_MARKERS', 'SET_POINT', 'SET_MULTI_POINT', 'SET_MULTI_POLYGON', 'SET_MIXED', 'SET_NATIONWIDE', 'DISABLE_GEOMETRY', 'NEED_MORE_EVIDENCE']",SET_MULTI_POINT,multi_point,"[{""name"": ""Tân Trào"", ""lat"": 21.75, ""lng"": 105.35, ""confidence"": ""high""}, {""name"": ""Sơn Dương"", ""lat"": 21.65, ""lng"": 105.35, ""confidence"": ""high""}]",[],[],Project owner — delegated policy approval,2026-08-04,Distinct high-confidence named localities retained after deduplicating the serialization artifact; no region evidence added. Not claimed as fully verified history.
P1,hoi-the-dong-quan,Hội thề Đông Quan,multi-point integrity flag: B_duplicate_only_one_distinct,multi_point,Thăng Long - Đông Đô(high); Thăng Long - Đông Đô(high),,multi-point integrity flag: B_duplicate_only_one_distinct,Review policy candidate geometry; no autonomous approval.,"['ACCEPT_POLICY', 'KEEP_MARKERS', 'SET_POINT', 'SET_MULTI_POINT', 'SET_MULTI_POLYGON', 'SET_MIXED', 'SET_NATIONWIDE', 'DISABLE_GEOMETRY', 'NEED_MORE_EVIDENCE']",SET_POINT,point,"[{""name"": ""Thăng Long - Đông Đô"", ""lat"": 21.0285, ""lng"": 105.8542, ""confidence"": ""high""}]",[],[],Project owner — delegated policy approval,2026-08-04,Single distinct named locality with high confidence retained as a point; the duplicated marker artifact is removed. Not claimed as fully verified history.
P1,khang-chien-chong-quan-minh-nha-ho,Kháng chiến chống quân Minh của nhà Hồ,multi-point integrity flag: B_duplicate_coordinates,multi_point,thành Đa Bang(high); thành Đa Bang(high); Đại Ngu(low); Đông Đô(high); thành Tây Đô(high),,multi-point integrity flag: B_duplicate_coordinates,Review policy candidate geometry; no autonomous approval.,"['ACCEPT_POLICY', 'KEEP_MARKERS', 'SET_POINT', 'SET_MULTI_POINT', 'SET_MULTI_POLYGON', 'SET_MIXED', 'SET_NATIONWIDE', 'DISABLE_GEOMETRY', 'NEED_MORE_EVIDENCE']",DISABLE_GEOMETRY,no_location,[],[],[],Project owner — delegated policy approval,2026-08-04,Marker provenance insufficient or fewer than two independent locations after dedup. Fail-closed no_location applied.
P1,khang-chien-chong-quan-mong-co-1258,Kháng chiến chống quân Mông Cổ (lần 1),multi-point integrity flag: B_duplicate_coordinates,multi_point,Đông Bộ Đầu(medium); Đông Bộ Đầu(medium); Thăng Long(high); Bình Lệ Nguyên(medium),,multi-point integrity flag: B_duplicate_coordinates,Review policy candidate geometry; no autonomous approval.,"['ACCEPT_POLICY', 'KEEP_MARKERS', 'SET_POINT', 'SET_MULTI_POINT', 'SET_MULTI_POLYGON', 'SET_MIXED', 'SET_NATIONWIDE', 'DISABLE_GEOMETRY', 'NEED_MORE_EVIDENCE']",DISABLE_GEOMETRY,no_location,[],[],[],Project owner — delegated policy approval,2026-08-04,Marker provenance insufficient or fewer than two independent locations after dedup. Fail-closed no_location applied.
P1,khang-chien-chong-quan-nguyen-1285,Kháng chiến chống quân Nguyên (lần 2),multi-point integrity flag: B_duplicate_coordinates,multi_point,Hàm Tử(high); Hàm Tử(high); Chương Dương(high); Thăng Long(high),,multi-point integrity flag: B_duplicate_coordinates,Review policy candidate geometry; no autonomous approval.,"['ACCEPT_POLICY', 'KEEP_MARKERS', 'SET_POINT', 'SET_MULTI_POINT', 'SET_MULTI_POLYGON', 'SET_MIXED', 'SET_NATIONWIDE', 'DISABLE_GEOMETRY', 'NEED_MORE_EVIDENCE']",SET_MULTI_POINT,multi_point,"[{""name"": ""Hàm Tử"", ""lat"": 20.85, ""lng"": 106.05, ""confidence"": ""high""}, {""name"": ""Chương Dương"", ""lat"": 20.85, ""lng"": 105.8833, ""confidence"": ""high""}, {""name"": ""Thăng Long"", ""lat"": 21.0285, ""lng"": 105.8542, ""confidence"": ""high""}]",[],[],Project owner — delegated policy approval,2026-08-04,Distinct high-confidence named localities retained after deduplicating the serialization artifact; no region evidence added. Not claimed as fully verified history.
P1,khang-chien-chong-quan-nguyen-1287-1288,Kháng chiến chống quân Nguyên (lần 3),multi-point integrity flag: B_duplicate_coordinates,multi_point,Bạch Đằng(medium); Bạch Đằng(medium); Cửa Lục(high); Thăng Long(high); Vân Đồn(high),,multi-point integrity flag: B_duplicate_coordinates,Review policy candidate geometry; no autonomous approval.,"['ACCEPT_POLICY', 'KEEP_MARKERS', 'SET_POINT', 'SET_MULTI_POINT', 'SET_MULTI_POLYGON', 'SET_MIXED', 'SET_NATIONWIDE', 'DISABLE_GEOMETRY', 'NEED_MORE_EVIDENCE']",DISABLE_GEOMETRY,no_location,[],[],[],Project owner — delegated policy approval,2026-08-04,Marker provenance insufficient or fewer than two independent locations after dedup. Fail-closed no_location applied.
P1,khang-chien-chong-quan-thanh-1789,Kháng chiến chống quân Thanh,multi-point integrity flag: B_duplicate_coordinates,multi_point,Ngọc Hồi - Đống Đa(medium); Ngọc Hồi - Đống Đa(medium); Thăng Long(high); Ngọc Hồi(high),,multi-point integrity flag: B_duplicate_coordinates,Review policy candidate geometry; no autonomous approval.,"['ACCEPT_POLICY', 'KEEP_MARKERS', 'SET_POINT', 'SET_MULTI_POINT', 'SET_MULTI_POLYGON', 'SET_MIXED', 'SET_NATIONWIDE', 'DISABLE_GEOMETRY', 'NEED_MORE_EVIDENCE']",DISABLE_GEOMETRY,no_location,[],[],[],Project owner — delegated policy approval,2026-08-04,Marker provenance insufficient or fewer than two independent locations after dedup. Fail-closed no_location applied.
P1,khang-chien-chong-quan-tong-981,Kháng chiến chống quân Tống (lần 1),multi-point integrity flag: B_duplicate_only_one_distinct,multi_point,Bạch Đằng(medium); Bạch Đằng(medium),,multi-point integrity flag: B_duplicate_only_one_distinct,Review policy candidate geometry; no autonomous approval.,"['ACCEPT_POLICY', 'KEEP_MARKERS', 'SET_POINT', 'SET_MULTI_POINT', 'SET_MULTI_POLYGON', 'SET_MIXED', 'SET_NATIONWIDE', 'DISABLE_GEOMETRY', 'NEED_MORE_EVIDENCE']",DISABLE_GEOMETRY,no_location,[],[],[],Project owner — delegated policy approval,2026-08-04,Multi-point contract violated: only one distinct coordinate and/or marker provenance insufficient. Fail-closed no_location applied.
P1,khang-chien-chong-quan-trieu-an-duong-vuong,Kháng chiến chống quân Triệu của An Dương Vương,multi-point integrity flag: B_duplicate_coordinates,multi_point,thành Cổ Loa(high); thành Cổ Loa(high); Âu Lạc(high),,multi-point integrity flag: B_duplicate_coordinates,Review policy candidate geometry; no autonomous approval.,"['ACCEPT_POLICY', 'KEEP_MARKERS', 'SET_POINT', 'SET_MULTI_POINT', 'SET_MULTI_POLYGON', 'SET_MIXED', 'SET_NATIONWIDE', 'DISABLE_GEOMETRY', 'NEED_MORE_EVIDENCE']",SET_MULTI_POINT,multi_point,"[{""name"": ""thành Cổ Loa"", ""lat"": 21.13, ""lng"": 105.85, ""confidence"": ""high""}, {""name"": ""Âu Lạc"", ""lat"": 21.1397, ""lng"": 105.9286, ""confidence"": ""high""}]",[],[],Project owner — delegated policy approval,2026-08-04,Distinct high-confidence named localities retained after deduplicating the serialization artifact; no region evidence added. Not claimed as fully verified history.
P1,khang-chien-chong-quan-xiem-1784-1785,Kháng chiến chống quân Xiêm,multi-point integrity flag: B_duplicate_coordinates,multi_point,Mỹ Tho(high); Mỹ Tho(high); Rạch Gầm – Xoài Mút(high),,multi-point integrity flag: B_duplicate_coordinates,Review policy candidate geometry; no autonomous approval.,"['ACCEPT_POLICY', 'KEEP_MARKERS', 'SET_POINT', 'SET_MULTI_POINT', 'SET_MULTI_POLYGON', 'SET_MIXED', 'SET_NATIONWIDE', 'DISABLE_GEOMETRY', 'NEED_MORE_EVIDENCE']",SET_MULTI_POINT,multi_point,"[{""name"": ""Mỹ Tho"", ""lat"": 10.35, ""lng"": 106.35, ""confidence"": ""high""}, {""name"": ""Rạch Gầm – Xoài Mút"", ""lat"": 10.35, ""lng"": 105.95, ""confidence"": ""high""}]",[],[],Project owner — delegated policy approval,2026-08-04,Distinct high-confidence named localities retained after deduplicating the serialization artifact; no region evidence added. Not claimed as fully verified history.
P1,khang-chien-chong-thuc-dan-phap-1945-1954,Cuộc kháng chiến chống thực dân Pháp,island/border/transnational,no_location,,,island/border/transnational,Review policy candidate geometry; no autonomous approval.,"['ACCEPT_POLICY', 'KEEP_MARKERS', 'SET_POINT', 'SET_MULTI_POINT', 'SET_MULTI_POLYGON', 'SET_MIXED', 'SET_NATIONWIDE', 'DISABLE_GEOMETRY', 'NEED_MORE_EVIDENCE']",ACCEPT_POLICY,no_location,[],[],[],Project owner — delegated policy approval,2026-08-04,Fail-closed no_location retained for high-risk island/border/transnational event. Official external evidence not collected this round; geometry is not restored without it.
P1,khang-chien-chong-thuc-dan-phap-trieu-nguyen,Kháng chiến chống thực dân Pháp của triều Nguyễn,multi-point integrity flag: B_duplicate_coordinates,multi_point,Gia Định(high); Gia Định(high); Bắc Kì(low); Nam Kì(medium),,multi-point integrity flag: B_duplicate_coordinates,Review policy candidate geometry; no autonomous approval.,"['ACCEPT_POLICY', 'KEEP_MARKERS', 'SET_POINT', 'SET_MULTI_POINT', 'SET_MULTI_POLYGON', 'SET_MIXED', 'SET_NATIONWIDE', 'DISABLE_GEOMETRY', 'NEED_MORE_EVIDENCE']",DISABLE_GEOMETRY,no_location,[],[],[],Project owner — delegated policy approval,2026-08-04,Marker provenance insufficient or fewer than two independent locations after dedup. Fail-closed no_location applied.
P1,khoi-nghia-ba-trieu,Khởi nghĩa Bà Triệu,multi-point integrity flag: B_duplicate_coordinates,multi_point,"Giao Chỉ(medium); Giao Chỉ(medium); Cửu Chân(medium); núi Nưa (Triệu Sơn, Thanh Hoá)(high)",,multi-point integrity flag: B_duplicate_coordinates,Review policy candidate geometry; no autonomous approval.,"['ACCEPT_POLICY', 'KEEP_MARKERS', 'SET_POINT', 'SET_MULTI_POINT', 'SET_MULTI_POLYGON', 'SET_MIXED', 'SET_NATIONWIDE', 'DISABLE_GEOMETRY', 'NEED_MORE_EVIDENCE']",DISABLE_GEOMETRY,no_location,[],[],[],Project owner — delegated policy approval,2026-08-04,Marker provenance insufficient or fewer than two independent locations after dedup. Fail-closed no_location applied.
P1,khoi-nghia-hai-ba-trung,Khởi nghĩa Hai Bà Trưng,multi-point integrity flag: B_duplicate_coordinates,multi_point,"Hát Môn (Phúc Thọ, Hà Nội)(high); Hát Môn (Phúc Thọ, Hà Nội)(high); Luy Lâu (Bắc Ninh)(high); Mê Linh(high); Cổ Loa (Hà Nội)(high)",,multi-point integrity flag: B_duplicate_coordinates,Review policy candidate geometry; no autonomous approval.,"['ACCEPT_POLICY', 'KEEP_MARKERS', 'SET_POINT', 'SET_MULTI_POINT', 'SET_MULTI_POLYGON', 'SET_MIXED', 'SET_NATIONWIDE', 'DISABLE_GEOMETRY', 'NEED_MORE_EVIDENCE']",SET_MULTI_POINT,multi_point,"[{""name"": ""Hát Môn (Phúc Thọ, Hà Nội)"", ""lat"": 21.1, ""lng"": 105.55, ""confidence"": ""high""}, {""name"": ""Luy Lâu (Bắc Ninh)"", ""lat"": 21.05, ""lng"": 106.08, ""confidence"": ""high""}, {""name"": ""Mê Linh"", ""lat"": 21.25, ""lng"": 105.75, ""confidence"": ""high""}, {""name"": ""Cổ Loa (Hà Nội)"", ""lat"": 21.12, ""lng"": 105.88, ""confidence"": ""high""}]",[],[],Project owner — delegated policy approval,2026-08-04,Distinct high-confidence named localities retained after deduplicating the serialization artifact; no region evidence added. Not claimed as fully verified history.
P1,khoi-nghia-khu-lien-lap-nuoc-lam-ap,Khởi nghĩa Khu Liên lập nước Lâm Ấp,multi-point integrity flag: B_duplicate_coordinates,multi_point,Trà Kiệu(high); Trà Kiệu(high); quận Nhật Nam(low),,multi-point integrity flag: B_duplicate_coordinates,Review policy candidate geometry; no autonomous approval.,"['ACCEPT_POLICY', 'KEEP_MARKERS', 'SET_POINT', 'SET_MULTI_POINT', 'SET_MULTI_POLYGON', 'SET_MIXED', 'SET_NATIONWIDE', 'DISABLE_GEOMETRY', 'NEED_MORE_EVIDENCE']",DISABLE_GEOMETRY,no_location,[],[],[],Project owner — delegated policy approval,2026-08-04,Marker provenance insufficient or fewer than two independent locations after dedup. Fail-closed no_location applied.
P1,khoi-nghia-lam-son,Khởi nghĩa Lam Sơn,multi-point integrity flag: B_duplicate_coordinates,multi_point,Thăng Long - Đông Đô(high); Thăng Long - Đông Đô(high); Đại Việt(low); Lam Kinh (Thanh Hoá)(high); Thuận Hoá(high); Tân Bình(high); Tốt Động(high); Diễn Châu(high); núi Chí Linh(high); Bồ Ải(medium); Chi Lăng(high); Chúc Động(high); Xương Giang(high),,multi-point integrity flag: B_duplicate_coordinates,Review policy candidate geometry; no autonomous approval.,"['ACCEPT_POLICY', 'KEEP_MARKERS', 'SET_POINT', 'SET_MULTI_POINT', 'SET_MULTI_POLYGON', 'SET_MIXED', 'SET_NATIONWIDE', 'DISABLE_GEOMETRY', 'NEED_MORE_EVIDENCE']",DISABLE_GEOMETRY,no_location,[],[],[],Project owner — delegated policy approval,2026-08-04,Marker provenance insufficient or fewer than two independent locations after dedup. Fail-closed no_location applied.
P1,khoi-nghia-mai-thuc-loan,Khởi nghĩa Mai Thúc Loan,multi-point integrity flag: B_duplicate_coordinates,multi_point,Nam Đàn (Nghệ An)(high); Nam Đàn (Nghệ An)(high); Hoan Châu(medium),,multi-point integrity flag: B_duplicate_coordinates,Review policy candidate geometry; no autonomous approval.,"['ACCEPT_POLICY', 'KEEP_MARKERS', 'SET_POINT', 'SET_MULTI_POINT', 'SET_MULTI_POLYGON', 'SET_MIXED', 'SET_NATIONWIDE', 'DISABLE_GEOMETRY', 'NEED_MORE_EVIDENCE']",DISABLE_GEOMETRY,no_location,[],[],[],Project owner — delegated policy approval,2026-08-04,Marker provenance insufficient or fewer than two independent locations after dedup. Fail-closed no_location applied.
P1,ly-nhan-tong-lap-quoc-tu-giam,Vua Lý Nhân Tông cho lập Quốc Tử Giám,multi-point integrity flag: B_duplicate_only_one_distinct,multi_point,Quốc Tử Giám(high); Quốc Tử Giám(high),,multi-point integrity flag: B_duplicate_only_one_distinct,Review policy candidate geometry; no autonomous approval.,"['ACCEPT_POLICY', 'KEEP_MARKERS', 'SET_POINT', 'SET_MULTI_POINT', 'SET_MULTI_POLYGON', 'SET_MIXED', 'SET_NATIONWIDE', 'DISABLE_GEOMETRY', 'NEED_MORE_EVIDENCE']",SET_POINT,point,"[{""name"": ""Quốc Tử Giám"", ""lat"": 21.0253, ""lng"": 105.8345, ""confidence"": ""high""}]",[],[],Project owner — delegated policy approval,2026-08-04,Single distinct named locality with high confidence retained as a point; the duplicated marker artifact is removed. Not claimed as fully verified history.
P1,ly-thai-to-doi-do-thang-long,Lý Thái Tổ dời đô ra Thăng Long,multi-point integrity flag: B_duplicate_only_one_distinct,multi_point,Thăng Long(high); Thăng Long(high),,multi-point integrity flag: B_duplicate_only_one_distinct,Review policy candidate geometry; no autonomous approval.,"['ACCEPT_POLICY', 'KEEP_MARKERS', 'SET_POINT', 'SET_MULTI_POINT', 'SET_MULTI_POLYGON', 'SET_MIXED', 'SET_NATIONWIDE', 'DISABLE_GEOMETRY', 'NEED_MORE_EVIDENCE']",SET_POINT,point,"[{""name"": ""Thăng Long"", ""lat"": 21.0285, ""lng"": 105.8542, ""confidence"": ""high""}]",[],[],Project owner — delegated policy approval,2026-08-04,Single distinct named locality with high confidence retained as a point; the duplicated marker artifact is removed. Not claimed as fully verified history.
P1,my-thay-chan-phap-dung-chinh-quyen-ngo-dinh-diem,"Mỹ thay chân Pháp, dựng chính quyền Ngô Đình Diệm",multi-point integrity flag: B_duplicate_only_one_distinct,multi_point,miền Nam Việt Nam(low); miền Nam Việt Nam(low),,multi-point integrity flag: B_duplicate_only_one_distinct,Review policy candidate geometry; no autonomous approval.,"['ACCEPT_POLICY', 'KEEP_MARKERS', 'SET_POINT', 'SET_MULTI_POINT', 'SET_MULTI_POLYGON', 'SET_MIXED', 'SET_NATIONWIDE', 'DISABLE_GEOMETRY', 'NEED_MORE_EVIDENCE']",DISABLE_GEOMETRY,no_location,[],[],[],Project owner — delegated policy approval,2026-08-04,Multi-point contract violated: only one distinct coordinate and/or marker provenance insufficient. Fail-closed no_location applied.
P1,ngo-quyen-xung-vuong-co-loa,Ngô Quyền xưng vương và đóng đô ở Cổ Loa,multi-point integrity flag: B_duplicate_only_one_distinct,multi_point,Cổ Loa(high); Cổ Loa(high),,multi-point integrity flag: B_duplicate_only_one_distinct,Review policy candidate geometry; no autonomous approval.,"['ACCEPT_POLICY', 'KEEP_MARKERS', 'SET_POINT', 'SET_MULTI_POINT', 'SET_MULTI_POLYGON', 'SET_MIXED', 'SET_NATIONWIDE', 'DISABLE_GEOMETRY', 'NEED_MORE_EVIDENCE']",SET_POINT,point,"[{""name"": ""Cổ Loa"", ""lat"": 21.1139, ""lng"": 105.8783, ""confidence"": ""high""}]",[],[],Project owner — delegated policy approval,2026-08-04,Single distinct named locality with high confidence retained as a point; the duplicated marker artifact is removed. Not claimed as fully verified history.
P1,nguyen-ai-quoc-tro-ve-nuoc,Nguyễn Ái Quốc trở về nước,multi-point integrity flag: B_duplicate_coordinates,multi_point,Hà Quảng(high); Hà Quảng(high); Pác Bó(high); Tổ quốc Việt Nam(low),,multi-point integrity flag: B_duplicate_coordinates,Review policy candidate geometry; no autonomous approval.,"['ACCEPT_POLICY', 'KEEP_MARKERS', 'SET_POINT', 'SET_MULTI_POINT', 'SET_MULTI_POLYGON', 'SET_MIXED', 'SET_NATIONWIDE', 'DISABLE_GEOMETRY', 'NEED_MORE_EVIDENCE']",DISABLE_GEOMETRY,no_location,[],[],[],Project owner — delegated policy approval,2026-08-04,Marker provenance insufficient or fewer than two independent locations after dedup. Fail-closed no_location applied.
P1,nguyen-tat-thanh-ra-di-tim-duong-cuu-nuoc,Nguyễn Tất Thành ra đi tìm đường cứu nước,multi-point integrity flag: B_duplicate_only_one_distinct,multi_point,Bến Nhà Rồng(high); Bến Nhà Rồng(high),,multi-point integrity flag: B_duplicate_only_one_distinct,Review policy candidate geometry; no autonomous approval.,"['ACCEPT_POLICY', 'KEEP_MARKERS', 'SET_POINT', 'SET_MULTI_POINT', 'SET_MULTI_POLYGON', 'SET_MIXED', 'SET_NATIONWIDE', 'DISABLE_GEOMETRY', 'NEED_MORE_EVIDENCE']",SET_POINT,point,"[{""name"": ""Bến Nhà Rồng"", ""lat"": 10.7667, ""lng"": 106.7067, ""confidence"": ""high""}]",[],[],Project owner — delegated policy approval,2026-08-04,Single distinct named locality with high confidence retained as a point; the duplicated marker artifact is removed. Not claimed as fully verified history.
P1,nguyen-tat-thanh-roi-phan-thiet-vao-sai-gon,Nguyễn Tất Thành rời Phan Thiết vào Sài Gòn,multi-point integrity flag: B_duplicate_only_one_distinct,multi_point,Phan Thiết(high); Phan Thiết(high),,multi-point integrity flag: B_duplicate_only_one_distinct,Review policy candidate geometry; no autonomous approval.,"['ACCEPT_POLICY', 'KEEP_MARKERS', 'SET_POINT', 'SET_MULTI_POINT', 'SET_MULTI_POLYGON', 'SET_MIXED', 'SET_NATIONWIDE', 'DISABLE_GEOMETRY', 'NEED_MORE_EVIDENCE']",SET_POINT,point,"[{""name"": ""Phan Thiết"", ""lat"": 10.9333, ""lng"": 108.1, ""confidence"": ""high""}]",[],[],Project owner — delegated policy approval,2026-08-04,Single distinct named locality with high confidence retained as a point; the duplicated marker artifact is removed. Not claimed as fully verified history.
P1,nha-ly-thanh-lap-trang-van-don,Nhà Lý thành lập trang Vân Đồn,multi-point integrity flag: B_duplicate_only_one_distinct,multi_point,Vân Đồn(high); Vân Đồn(high),,multi-point integrity flag: B_duplicate_only_one_distinct,Review policy candidate geometry; no autonomous approval.,"['ACCEPT_POLICY', 'KEEP_MARKERS', 'SET_POINT', 'SET_MULTI_POINT', 'SET_MULTI_POLYGON', 'SET_MIXED', 'SET_NATIONWIDE', 'DISABLE_GEOMETRY', 'NEED_MORE_EVIDENCE']",SET_POINT,point,"[{""name"": ""Vân Đồn"", ""lat"": 20.9906, ""lng"": 107.4069, ""confidence"": ""high""}]",[],[],Project owner — delegated policy approval,2026-08-04,Single distinct named locality with high confidence retained as a point; the duplicated marker artifact is removed. Not claimed as fully verified history.
P1,phap-chiem-bac-ki-lan-2,Pháp đánh chiếm Bắc Kì lần thứ hai,multi-point integrity flag: B_duplicate_only_one_distinct,multi_point,Bắc Kì(low); Bắc Kì(low),,multi-point integrity flag: B_duplicate_only_one_distinct,Review policy candidate geometry; no autonomous approval.,"['ACCEPT_POLICY', 'KEEP_MARKERS', 'SET_POINT', 'SET_MULTI_POINT', 'SET_MULTI_POLYGON', 'SET_MIXED', 'SET_NATIONWIDE', 'DISABLE_GEOMETRY', 'NEED_MORE_EVIDENCE']",DISABLE_GEOMETRY,no_location,[],[],[],Project owner — delegated policy approval,2026-08-04,Multi-point contract violated: only one distinct coordinate and/or marker provenance insufficient. Fail-closed no_location applied.
P1,phap-chiem-sau-tinh-nam-ki,Pháp chiếm sáu tỉnh Nam Kì,multi-point integrity flag: B_duplicate_coordinates,multi_point,Gia Định(high); Gia Định(high); Nam Kì(medium),,multi-point integrity flag: B_duplicate_coordinates,Review policy candidate geometry; no autonomous approval.,"['ACCEPT_POLICY', 'KEEP_MARKERS', 'SET_POINT', 'SET_MULTI_POINT', 'SET_MULTI_POLYGON', 'SET_MIXED', 'SET_NATIONWIDE', 'DISABLE_GEOMETRY', 'NEED_MORE_EVIDENCE']",DISABLE_GEOMETRY,no_location,[],[],[],Project owner — delegated policy approval,2026-08-04,Marker provenance insufficient or fewer than two independent locations after dedup. Fail-closed no_location applied.
P1,phap-cho-hai-quan-tru-dong-truong-sa,Pháp cho hải quân trú đóng ở các đảo chính thuộc quần đảo Trường Sa,island/border/transnational,no_location,,,island/border/transnational,Review policy candidate geometry; no autonomous approval.,"['ACCEPT_POLICY', 'KEEP_MARKERS', 'SET_POINT', 'SET_MULTI_POINT', 'SET_MULTI_POLYGON', 'SET_MIXED', 'SET_NATIONWIDE', 'DISABLE_GEOMETRY', 'NEED_MORE_EVIDENCE']",ACCEPT_POLICY,no_location,[],[],[],Project owner — delegated policy approval,2026-08-04,Fail-closed no_location retained for high-risk island/border/transnational event. Official external evidence not collected this round; geometry is not restored without it.
P1,phap-gui-cong-ham-phan-doi-nhat-ban-kiem-soat-truong-sa,Pháp gửi công hàm phản đối Nhật Bản kiểm soát một số đảo thuộc quần đảo Trường Sa,island/border/transnational,no_location,,,island/border/transnational,Review policy candidate geometry; no autonomous approval.,"['ACCEPT_POLICY', 'KEEP_MARKERS', 'SET_POINT', 'SET_MULTI_POINT', 'SET_MULTI_POLYGON', 'SET_MIXED', 'SET_NATIONWIDE', 'DISABLE_GEOMETRY', 'NEED_MORE_EVIDENCE']",ACCEPT_POLICY,no_location,[],[],[],Project owner — delegated policy approval,2026-08-04,Fail-closed no_location retained for high-risk island/border/transnational event. Official external evidence not collected this round; geometry is not restored without it.
P1,phap-xay-dung-bia-chu-quyen-hoang-sa,Pháp xây dựng bia chủ quyền trên quần đảo Hoàng Sa,island/border/transnational,no_location,,,island/border/transnational,Review policy candidate geometry; no autonomous approval.,"['ACCEPT_POLICY', 'KEEP_MARKERS', 'SET_POINT', 'SET_MULTI_POINT', 'SET_MULTI_POLYGON', 'SET_MIXED', 'SET_NATIONWIDE', 'DISABLE_GEOMETRY', 'NEED_MORE_EVIDENCE']",ACCEPT_POLICY,no_location,[],[],[],Project owner — delegated policy approval,2026-08-04,Fail-closed no_location retained for high-risk island/border/transnational event. Official external evidence not collected this round; geometry is not restored without it.
P1,phap-xay-dung-cot-hai-dang-hoang-sa,Pháp xây dựng cột hải đăng trên quần đảo Hoàng Sa,island/border/transnational,no_location,,,island/border/transnational,Review policy candidate geometry; no autonomous approval.,"['ACCEPT_POLICY', 'KEEP_MARKERS', 'SET_POINT', 'SET_MULTI_POINT', 'SET_MULTI_POLYGON', 'SET_MIXED', 'SET_NATIONWIDE', 'DISABLE_GEOMETRY', 'NEED_MORE_EVIDENCE']",ACCEPT_POLICY,no_location,[],[],[],Project owner — delegated policy approval,2026-08-04,Fail-closed no_location retained for high-risk island/border/transnational event. Official external evidence not collected this round; geometry is not restored without it.
P1,philippin-ban-hanh-sac-lenh-1596-tuyen-bo-chu-quyen-truong-sa,Phi-líp-pin ban hành Sắc lệnh 1596 tuyên bố chủ quyền đối với hầu hết các đảo thuộc quần đảo Trường Sa,island/border/transnational,no_location,,,island/border/transnational,Review policy candidate geometry; no autonomous approval.,"['ACCEPT_POLICY', 'KEEP_MARKERS', 'SET_POINT', 'SET_MULTI_POINT', 'SET_MULTI_POLYGON', 'SET_MIXED', 'SET_NATIONWIDE', 'DISABLE_GEOMETRY', 'NEED_MORE_EVIDENCE']",ACCEPT_POLICY,no_location,[],[],[],Project owner — delegated policy approval,2026-08-04,Fail-closed no_location retained for high-risk island/border/transnational event. Official external evidence not collected this round; geometry is not restored without it.
P1,philippin-chiem-dong-9-dao-truong-sa,Phi-líp-pin chiếm đóng 9 đảo thuộc quần đảo Trường Sa,island/border/transnational,no_location,,,island/border/transnational,Review policy candidate geometry; no autonomous approval.,"['ACCEPT_POLICY', 'KEEP_MARKERS', 'SET_POINT', 'SET_MULTI_POINT', 'SET_MULTI_POLYGON', 'SET_MIXED', 'SET_NATIONWIDE', 'DISABLE_GEOMETRY', 'NEED_MORE_EVIDENCE']",ACCEPT_POLICY,no_location,[],[],[],Project owner — delegated policy approval,2026-08-04,Fail-closed no_location retained for high-risk island/border/transnational event. Official external evidence not collected this round; geometry is not restored without it.
P1,philippin-tuyen-bo-quyen-khai-thac-lap-nghiep-truong-sa,"Phi-líp-pin tuyên bố có quyền khai thác, lập nghiệp tại nhóm đảo Trường Sa",island/border/transnational,no_location,,,island/border/transnational,Review policy candidate geometry; no autonomous approval.,"['ACCEPT_POLICY', 'KEEP_MARKERS', 'SET_POINT', 'SET_MULTI_POINT', 'SET_MULTI_POLYGON', 'SET_MIXED', 'SET_NATIONWIDE', 'DISABLE_GEOMETRY', 'NEED_MORE_EVIDENCE']",ACCEPT_POLICY,no_location,[],[],[],Project owner — delegated policy approval,2026-08-04,Fail-closed no_location retained for high-risk island/border/transnational event. Official external evidence not collected this round; geometry is not restored without it.
P1,phong-trao-dong-khoi,Phong trào Đồng khởi,multi-point integrity flag: B_duplicate_coordinates,multi_point,Bắc Ái (Ninh Thuận)(high); Bắc Ái (Ninh Thuận)(high); Trà Bồng (Quảng Ngãi)(high); Vĩnh Thạnh (Bình Định)(high),,multi-point integrity flag: B_duplicate_coordinates,Review policy candidate geometry; no autonomous approval.,"['ACCEPT_POLICY', 'KEEP_MARKERS', 'SET_POINT', 'SET_MULTI_POINT', 'SET_MULTI_POLYGON', 'SET_MIXED', 'SET_NATIONWIDE', 'DISABLE_GEOMETRY', 'NEED_MORE_EVIDENCE']",SET_MULTI_POINT,multi_point,"[{""name"": ""Bắc Ái (Ninh Thuận)"", ""lat"": 11.75, ""lng"": 108.7, ""confidence"": ""high""}, {""name"": ""Trà Bồng (Quảng Ngãi)"", ""lat"": 15.25, ""lng"": 108.45, ""confidence"": ""high""}, {""name"": ""Vĩnh Thạnh (Bình Định)"", ""lat"": 14.3, ""lng"": 108.7, ""confidence"": ""high""}]",[],[],Project owner — delegated policy approval,2026-08-04,Distinct high-confidence named localities retained after deduplicating the serialization artifact; no region evidence added. Not claimed as fully verified history.
P1,phong-trao-tay-son,Phong trào Tây Sơn,multi-point integrity flag: B_duplicate_coordinates,multi_point,"Ngọc Hồi - Đống Đa(medium); Ngọc Hồi - Đống Đa(medium); Phú Xuân(high); Đàng Trong(low); Quy Nhơn(high); Thăng Long(high); Đồ Bàn (Quy Nhơn, Bình Định)(high); Tây Sơn thượng đạo (An Khê, Gia Lai)(high); Rạch Gầm – Xoài Mút(high)",,multi-point integrity flag: B_duplicate_coordinates,Review policy candidate geometry; no autonomous approval.,"['ACCEPT_POLICY', 'KEEP_MARKERS', 'SET_POINT', 'SET_MULTI_POINT', 'SET_MULTI_POLYGON', 'SET_MIXED', 'SET_NATIONWIDE', 'DISABLE_GEOMETRY', 'NEED_MORE_EVIDENCE']",DISABLE_GEOMETRY,no_location,[],[],[],Project owner — delegated policy approval,2026-08-04,Marker provenance insufficient or fewer than two independent locations after dedup. Fail-closed no_location applied.
P1,quan-doi-sai-gon-that-bai-bao-ve-hoang-sa,Quân đội Sài Gòn thất bại trong chiến đấu bảo vệ quần đảo Hoàng Sa,island/border/transnational,no_location,,,island/border/transnational,Review policy candidate geometry; no autonomous approval.,"['ACCEPT_POLICY', 'KEEP_MARKERS', 'SET_POINT', 'SET_MULTI_POINT', 'SET_MULTI_POLYGON', 'SET_MIXED', 'SET_NATIONWIDE', 'DISABLE_GEOMETRY', 'NEED_MORE_EVIDENCE']",ACCEPT_POLICY,no_location,[],[],[],Project owner — delegated policy approval,2026-08-04,Fail-closed no_location retained for high-risk island/border/transnational event. Official external evidence not collected this round; geometry is not restored without it.
P1,quan-giai-phong-mien-nam-viet-nam-tiep-quan-truong-sa,Quân giải phóng miền Nam Việt Nam tiếp quản các đảo và triển khai lực lượng thực thi chủ quyền đối với quần đảo Trường Sa,island/border/transnational,no_location,,,island/border/transnational,Review policy candidate geometry; no autonomous approval.,"['ACCEPT_POLICY', 'KEEP_MARKERS', 'SET_POINT', 'SET_MULTI_POINT', 'SET_MULTI_POLYGON', 'SET_MIXED', 'SET_NATIONWIDE', 'DISABLE_GEOMETRY', 'NEED_MORE_EVIDENCE']",ACCEPT_POLICY,no_location,[],[],[],Project owner — delegated policy approval,2026-08-04,Fail-closed no_location retained for high-risk island/border/transnational event. Official external evidence not collected this round; geometry is not restored without it.
P1,quan-li-hanh-chinh-chinh-quyen-sai-gon-hoang-sa-truong-sa,Quản lí hành chính của chính quyền Sài Gòn đối với quần đảo Hoàng Sa và quần đảo Trường Sa,island/border/transnational,no_location,,,island/border/transnational,Review policy candidate geometry; no autonomous approval.,"['ACCEPT_POLICY', 'KEEP_MARKERS', 'SET_POINT', 'SET_MULTI_POINT', 'SET_MULTI_POLYGON', 'SET_MIXED', 'SET_NATIONWIDE', 'DISABLE_GEOMETRY', 'NEED_MORE_EVIDENCE']",ACCEPT_POLICY,no_location,[],[],[],Project owner — delegated policy approval,2026-08-04,Fail-closed no_location retained for high-risk island/border/transnational event. Official external evidence not collected this round; geometry is not restored without it.
P1,quoc-hoi-khoa-vi-doi-ten-sai-gon-thanh-thanh-pho-ho-chi-minh,Quốc hội khoá VI quyết định đổi tên Sài Gòn thành Thành phố Hồ Chí Minh,multi-point integrity flag: B_duplicate_only_one_distinct,multi_point,Sài Gòn – Gia Định(high); Sài Gòn – Gia Định(high),,multi-point integrity flag: B_duplicate_only_one_distinct,Review policy candidate geometry; no autonomous approval.,"['ACCEPT_POLICY', 'KEEP_MARKERS', 'SET_POINT', 'SET_MULTI_POINT', 'SET_MULTI_POLYGON', 'SET_MIXED', 'SET_NATIONWIDE', 'DISABLE_GEOMETRY', 'NEED_MORE_EVIDENCE']",SET_POINT,point,"[{""name"": ""Sài Gòn – Gia Định"", ""lat"": 10.7769, ""lng"": 106.7009, ""confidence"": ""high""}]",[],[],Project owner — delegated policy approval,2026-08-04,Single distinct named locality with high confidence retained as a point; the duplicated marker artifact is removed. Not claimed as fully verified history.
P1,su-ra-doi-nha-nuoc-au-lac,Sự ra đời của Nhà nước Âu Lạc,multi-point integrity flag: B_duplicate_coordinates,multi_point,Đông Anh(high); Đông Anh(high); Cổ Loa(high),,multi-point integrity flag: B_duplicate_coordinates,Review policy candidate geometry; no autonomous approval.,"['ACCEPT_POLICY', 'KEEP_MARKERS', 'SET_POINT', 'SET_MULTI_POINT', 'SET_MULTI_POLYGON', 'SET_MIXED', 'SET_NATIONWIDE', 'DISABLE_GEOMETRY', 'NEED_MORE_EVIDENCE']",SET_MULTI_POINT,multi_point,"[{""name"": ""Đông Anh"", ""lat"": 21.13, ""lng"": 105.88, ""confidence"": ""high""}, {""name"": ""Cổ Loa"", ""lat"": 21.1139, ""lng"": 105.8783, ""confidence"": ""high""}]",[],[],Project owner — delegated policy approval,2026-08-04,Distinct high-confidence named localities retained after deduplicating the serialization artifact; no region evidence added. Not claimed as fully verified history.
P1,su-ra-doi-nha-nuoc-van-lang,Sự ra đời của Nhà nước Văn Lang,multi-point integrity flag: B_duplicate_coordinates,multi_point,Việt Trì(high); Việt Trì(high); Phong Châu(high),,multi-point integrity flag: B_duplicate_coordinates,Review policy candidate geometry; no autonomous approval.,"['ACCEPT_POLICY', 'KEEP_MARKERS', 'SET_POINT', 'SET_MULTI_POINT', 'SET_MULTI_POLYGON', 'SET_MIXED', 'SET_NATIONWIDE', 'DISABLE_GEOMETRY', 'NEED_MORE_EVIDENCE']",SET_MULTI_POINT,multi_point,"[{""name"": ""Việt Trì"", ""lat"": 21.3294, ""lng"": 105.3889, ""confidence"": ""high""}, {""name"": ""Phong Châu"", ""lat"": 21.37, ""lng"": 105.25, ""confidence"": ""high""}]",[],[],Project owner — delegated policy approval,2026-08-04,Distinct high-confidence named localities retained after deduplicating the serialization artifact; no region evidence added. Not claimed as fully verified history.
P1,thanh-lap-huyen-hoang-sa-va-huyen-truong-sa,Thành lập huyện Hoàng Sa và huyện Trường Sa,island/border/transnational,no_location,,,island/border/transnational,Review policy candidate geometry; no autonomous approval.,"['ACCEPT_POLICY', 'KEEP_MARKERS', 'SET_POINT', 'SET_MULTI_POINT', 'SET_MULTI_POLYGON', 'SET_MIXED', 'SET_NATIONWIDE', 'DISABLE_GEOMETRY', 'NEED_MORE_EVIDENCE']",ACCEPT_POLICY,no_location,[],[],[],Project owner — delegated policy approval,2026-08-04,Fail-closed no_location retained for high-risk island/border/transnational event. Official external evidence not collected this round; geometry is not restored without it.
P1,thanh-lap-lang-xa-huyen-tien-hai-thai-binh,Thành lập làng xã thuộc huyện Tiền Hải (Thái Bình),multi-point integrity flag: B_duplicate_only_one_distinct,multi_point,huyện Tiền Hải(high); huyện Tiền Hải(high),,multi-point integrity flag: B_duplicate_only_one_distinct,Review policy candidate geometry; no autonomous approval.,"['ACCEPT_POLICY', 'KEEP_MARKERS', 'SET_POINT', 'SET_MULTI_POINT', 'SET_MULTI_POLYGON', 'SET_MIXED', 'SET_NATIONWIDE', 'DISABLE_GEOMETRY', 'NEED_MORE_EVIDENCE']",SET_POINT,point,"[{""name"": ""huyện Tiền Hải"", ""lat"": 20.3, ""lng"": 106.4, ""confidence"": ""high""}]",[],[],Project owner — delegated policy approval,2026-08-04,Single distinct named locality with high confidence retained as a point; the duplicated marker artifact is removed. Not claimed as fully verified history.
P1,thanh-lap-uy-ban-khang-chien-nam-bo-1945,Thành lập Uỷ ban kháng chiến Nam Bộ,multi-point integrity flag: B_duplicate_only_one_distinct,multi_point,phía Nam vĩ tuyến 16(low); phía Nam vĩ tuyến 16(low),,multi-point integrity flag: B_duplicate_only_one_distinct,Review policy candidate geometry; no autonomous approval.,"['ACCEPT_POLICY', 'KEEP_MARKERS', 'SET_POINT', 'SET_MULTI_POINT', 'SET_MULTI_POLYGON', 'SET_MIXED', 'SET_NATIONWIDE', 'DISABLE_GEOMETRY', 'NEED_MORE_EVIDENCE']",DISABLE_GEOMETRY,no_location,[],[],[],Project owner — delegated policy approval,2026-08-04,Multi-point contract violated: only one distinct coordinate and/or marker provenance insufficient. Fail-closed no_location applied.
P1,thanh-lap-va-hoat-dong-doi-dan-binh-hoang-sa-bac-hai,Thành lập và hoạt động của các đội dân binh Hoàng Sa và Bắc Hải,island/border/transnational;multi-point integrity flag: B_duplicate_coordinates,multi_point,Hà Tiên(high); Hà Tiên(high); xã An Vĩnh(high); cù lao Côn Lôn(high),,island/border/transnational; multi-point integrity flag: B_duplicate_coordinates,Review policy candidate geometry; no autonomous approval.,"['ACCEPT_POLICY', 'KEEP_MARKERS', 'SET_POINT', 'SET_MULTI_POINT', 'SET_MULTI_POLYGON', 'SET_MIXED', 'SET_NATIONWIDE', 'DISABLE_GEOMETRY', 'NEED_MORE_EVIDENCE']",DISABLE_GEOMETRY,no_location,[],[],[],Project owner — delegated policy approval,2026-08-04,High-risk island/border/transnational event without confirmed official external evidence this round. Geometry disabled per fail-closed policy; historicalLocations preserved as context.
P1,thi-diem-chia-lai-ruong-dat-minh-mang,Thí điểm chia lại ruộng đất dưới thời Minh Mạng,multi-point integrity flag: B_duplicate_coordinates,multi_point,Gia Định(high); Gia Định(high); Nam Kì(medium),,multi-point integrity flag: B_duplicate_coordinates,Review policy candidate geometry; no autonomous approval.,"['ACCEPT_POLICY', 'KEEP_MARKERS', 'SET_POINT', 'SET_MULTI_POINT', 'SET_MULTI_POLYGON', 'SET_MIXED', 'SET_NATIONWIDE', 'DISABLE_GEOMETRY', 'NEED_MORE_EVIDENCE']",DISABLE_GEOMETRY,no_location,[],[],[],Project owner — delegated policy approval,2026-08-04,Marker provenance insufficient or fewer than two independent locations after dedup. Fail-closed no_location applied.
P1,thoi-gia-long-tri-vi,Thời Gia Long trị vì,multi-point integrity flag: B_duplicate_coordinates,multi_point,Bắc Thành(high); Bắc Thành(high); Gia Định Thành(high),,multi-point integrity flag: B_duplicate_coordinates,Review policy candidate geometry; no autonomous approval.,"['ACCEPT_POLICY', 'KEEP_MARKERS', 'SET_POINT', 'SET_MULTI_POINT', 'SET_MULTI_POLYGON', 'SET_MIXED', 'SET_NATIONWIDE', 'DISABLE_GEOMETRY', 'NEED_MORE_EVIDENCE']",SET_MULTI_POINT,multi_point,"[{""name"": ""Bắc Thành"", ""lat"": 21.0285, ""lng"": 105.8542, ""confidence"": ""high""}, {""name"": ""Gia Định Thành"", ""lat"": 10.7758, ""lng"": 106.6996, ""confidence"": ""high""}]",[],[],Project owner — delegated policy approval,2026-08-04,Distinct high-confidence named localities retained after deduplicating the serialization artifact; no region evidence added. Not claimed as fully verified history.
P1,tong-tien-cong-va-noi-day-xuan-1975,Cuộc Tổng tiến công và nổi dậy Xuân 1975,multi-point integrity flag: B_duplicate_coordinates,multi_point,Xuân Lộc(high); Xuân Lộc(high); Phan Rang(high); Dinh Độc Lập(high); Sài Gòn – Gia Định(high),,multi-point integrity flag: B_duplicate_coordinates,Review policy candidate geometry; no autonomous approval.,"['ACCEPT_POLICY', 'KEEP_MARKERS', 'SET_POINT', 'SET_MULTI_POINT', 'SET_MULTI_POLYGON', 'SET_MIXED', 'SET_NATIONWIDE', 'DISABLE_GEOMETRY', 'NEED_MORE_EVIDENCE']",SET_MULTI_POINT,multi_point,"[{""name"": ""Xuân Lộc"", ""lat"": 10.9, ""lng"": 107.3, ""confidence"": ""high""}, {""name"": ""Phan Rang"", ""lat"": 11.5667, ""lng"": 108.9833, ""confidence"": ""high""}, {""name"": ""Dinh Độc Lập"", ""lat"": 10.7792, ""lng"": 106.695, ""confidence"": ""high""}, {""name"": ""Sài Gòn – Gia Định"", ""lat"": 10.7769, ""lng"": 106.7009, ""confidence"": ""high""}]",[],[],Project owner — delegated policy approval,2026-08-04,Distinct high-confidence named localities retained after deduplicating the serialization artifact; no region evidence added. Not claimed as fully verified history.
P1,trung-quoc-danh-chiem-dao-gac-ma-len-dao-chu-thap-va-mot-so-dao-khac-truong-sa,"Trung Quốc đánh chiếm đảo Gạc Ma, Len Đao, Chữ Thập và chiếm đóng trái phép một số đảo khác trên quần đảo Trường Sa",island/border/transnational,no_location,,,island/border/transnational,Review policy candidate geometry; no autonomous approval.,"['ACCEPT_POLICY', 'KEEP_MARKERS', 'SET_POINT', 'SET_MULTI_POINT', 'SET_MULTI_POLYGON', 'SET_MIXED', 'SET_NATIONWIDE', 'DISABLE_GEOMETRY', 'NEED_MORE_EVIDENCE']",ACCEPT_POLICY,no_location,[],[],[],Project owner — delegated policy approval,2026-08-04,Fail-closed no_location retained for high-risk island/border/transnational event. Official external evidence not collected this round; geometry is not restored without it.
P1,trung-quoc-danh-chiem-toan-bo-hoang-sa,Trung Quốc đánh chiếm toàn bộ quần đảo Hoàng Sa,island/border/transnational,no_location,,,island/border/transnational,Review policy candidate geometry; no autonomous approval.,"['ACCEPT_POLICY', 'KEEP_MARKERS', 'SET_POINT', 'SET_MULTI_POINT', 'SET_MULTI_POLYGON', 'SET_MIXED', 'SET_NATIONWIDE', 'DISABLE_GEOMETRY', 'NEED_MORE_EVIDENCE']",ACCEPT_POLICY,no_location,[],[],[],Project owner — delegated policy approval,2026-08-04,Fail-closed no_location retained for high-risk island/border/transnational event. Official external evidence not collected this round; geometry is not restored without it.
P1,trung-quoc-tu-choi-boi-thuong-vu-tau-dam-hoang-sa,Trung Quốc từ chối bồi thường vụ tàu đắm ở Hoàng Sa,island/border/transnational,no_location,,,island/border/transnational,Review policy candidate geometry; no autonomous approval.,"['ACCEPT_POLICY', 'KEEP_MARKERS', 'SET_POINT', 'SET_MULTI_POINT', 'SET_MULTI_POLYGON', 'SET_MIXED', 'SET_NATIONWIDE', 'DISABLE_GEOMETRY', 'NEED_MORE_EVIDENCE']",ACCEPT_POLICY,no_location,[],[],[],Project owner — delegated policy approval,2026-08-04,Fail-closed no_location retained for high-risk island/border/transnational event. Official external evidence not collected this round; geometry is not restored without it.
P1,viet-nam-danh-chiem-nua-phia-dong-hoang-sa,Việt Nam (chính quyền Sài Gòn) đánh chiếm nửa phía đông của quần đảo Hoàng Sa (nhóm An Vĩnh),island/border/transnational,no_location,,,island/border/transnational,Review policy candidate geometry; no autonomous approval.,"['ACCEPT_POLICY', 'KEEP_MARKERS', 'SET_POINT', 'SET_MULTI_POINT', 'SET_MULTI_POLYGON', 'SET_MIXED', 'SET_NATIONWIDE', 'DISABLE_GEOMETRY', 'NEED_MORE_EVIDENCE']",ACCEPT_POLICY,no_location,[],[],[],Project owner — delegated policy approval,2026-08-04,Fail-closed no_location retained for high-risk island/border/transnational event. Official external evidence not collected this round; geometry is not restored without it.
P1,xoa-bo-gia-dinh-thanh-chia-thanh-12-tinh,"Xoá bỏ Gia Định Thành, chia thành 12 tỉnh",multi-point integrity flag: B_duplicate_coordinates,multi_point,Gia Định Thành(high); Gia Định Thành(high); Phụng Thiên(high),,multi-point integrity flag: B_duplicate_coordinates,Review policy candidate geometry; no autonomous approval.,"['ACCEPT_POLICY', 'KEEP_MARKERS', 'SET_POINT', 'SET_MULTI_POINT', 'SET_MULTI_POLYGON', 'SET_MIXED', 'SET_NATIONWIDE', 'DISABLE_GEOMETRY', 'NEED_MORE_EVIDENCE']",SET_MULTI_POINT,multi_point,"[{""name"": ""Gia Định Thành"", ""lat"": 10.7758, ""lng"": 106.6996, ""confidence"": ""high""}, {""name"": ""Phụng Thiên"", ""lat"": 21.0285, ""lng"": 105.8542, ""confidence"": ""high""}]",[],[],Project owner — delegated policy approval,2026-08-04,Distinct high-confidence named localities retained after deduplicating the serialization artifact; no region evidence added. Not claimed as fully verified history.
