eventId,title,action,reasonType,status,category,slot,sha256,detail
bai-bo-che-do-tem-phieu-o-viet-nam,Bãi bỏ chế độ tem phiếu ở Việt Nam,needs_replacement,hard_blocker,blocked_data_issue,data_issue,,,Không dùng ngày 1/4/1989 cho đến khi có nguồn chính thức.
bru-nay-tuyen-bo-ranh-gioi-them-luc-dia,Bru-nây tuyên bố về ranh giới thềm lục địa 200 hải lí,needs_replacement,hard_blocker,blocked_needs_direct_source,missing_direct_source,,,Giữ event ở trạng thái blocked cho đến khi tìm được tư liệu trực tiếp hoặc chấp nhận rõ đây chỉ là contextual.
bru-nay-tuyen-bo-vung-dac-quyen-kinh-te,Bru-nây tuyên bố về vùng đặc quyền kinh tế,needs_replacement,hard_blocker,blocked_needs_direct_source,missing_direct_source,,,Giữ event ở trạng thái blocked cho đến khi tìm được tư liệu trực tiếp hoặc chấp nhận rõ đây chỉ là contextual.
chu-tich-ho-chi-minh-tham-quan-cang-bai-chay-1961,Chủ tịch Hồ Chí Minh thăm Quân cảng Bãi Cháy và căn dặn về bảo vệ biển,needs_replacement,hard_blocker,blocked_needs_direct_source,missing_direct_source,,,Giữ event ở trạng thái blocked cho đến khi tìm được tư liệu trực tiếp hoặc chấp nhận rõ đây chỉ là contextual.
dai-hoi-dai-bieu-toan-quoc-lan-thu-viii-cua-dang-cong-san-viet-nam,Đại hội đại biểu toàn quốc lần thứ VIII của Đảng Cộng sản Việt Nam,needs_replacement,hard_blocker,blocked_needs_direct_source,missing_direct_source,,,Giữ event ở trạng thái blocked cho đến khi tìm được tư liệu trực tiếp hoặc chấp nhận rõ đây chỉ là contextual.
dai-loan-chiem-bai-can-ran-san-ho-ban-than,Đài Loan chiếm bãi cạn rạn san hô Bàn Than,needs_replacement,hard_blocker,blocked_data_issue,data_issue,,,Phân biệt chiếm/kiểm soát với hoạt động xây dựng năm 1995 tại Bãi Bàn Than/Zhongzhou Reef.
hoi-nghi-cap-cao-ba-nuoc-viet-nam-lao-cam-pu-chia,Hội nghị cấp cao ba nước Việt Nam - Lào - Cam-pu-chia,needs_replacement,hard_blocker,blocked_needs_direct_source,missing_direct_source,,,Giữ event ở trạng thái blocked cho đến khi tìm được tư liệu trực tiếp hoặc chấp nhận rõ đây chỉ là contextual.
lang-co-ten-nom-xuat-hien-som-thoi-ly-tran,Những làng có tên nôm xuất hiện sớm vào thời Lý – Trần,needs_replacement,hard_blocker,blocked_needs_direct_source,missing_direct_source,,,Giữ event ở trạng thái blocked cho đến khi tìm được tư liệu trực tiếp hoặc chấp nhận rõ đây chỉ là contextual.
thoi-tran-dat-chuc-xa-quan,Thời Trần đặt chức xã quan,needs_replacement,hard_blocker,blocked_data_issue,data_issue,,,Xác minh lại phát biểu “thời Trần đặt chức xã quan”.
viet-nam-ban-hanh-tuyen-bo-vung-bien-them-luc-dia,Việt Nam ban hành Tuyên bố về các vùng biển và thềm lục địa Việt Nam,needs_replacement,hard_blocker,blocked_needs_direct_source,missing_direct_source,,,Giữ event ở trạng thái blocked cho đến khi tìm được tư liệu trực tiếp hoặc chấp nhận rõ đây chỉ là contextual.
viet-nam-danh-chiem-nua-phia-dong-hoang-sa,Việt Nam (chính quyền Sài Gòn) đánh chiếm nửa phía đông của quần đảo Hoàng Sa (nhóm An Vĩnh),needs_replacement,hard_blocker,blocked_data_issue,data_issue,,,Không phê duyệt ảnh trước khi sửa/đối chiếu lại event về nhóm An Vĩnh năm 1956.
viet-nam-hoan-tat-muc-tieu-thien-nien-ki,Việt Nam hoàn tất việc thực hiện các Mục tiêu Thiên niên kỉ (MDGs) của Liên hợp quốc,needs_replacement,hard_blocker,blocked_data_issue,data_issue,,,Xác minh Việt Nam đạt từng MDG; tránh caption “hoàn tất tất cả MDGs” nếu không có nguồn.
vndcch-gap-go-dang-cong-san-phap-va-cac-to-chuc-quoc-te,Chính phủ Việt Nam Dân chủ Cộng hoà gặp gỡ đại diện Đảng Cộng sản Pháp và nhiều tổ chức quốc tế,needs_replacement,hard_blocker,blocked_needs_direct_source,missing_direct_source,,,Giữ event ở trạng thái blocked cho đến khi tìm được tư liệu trực tiếp hoặc chấp nhận rõ đây chỉ là contextual.
xa-tro-thanh-ten-goi-pho-bien,Xã chính thức trở thành tên gọi phổ biến,needs_replacement,hard_blocker,blocked_data_issue,data_issue,,,Xác minh lại phát biểu “xã trở thành tên gọi phổ biến từ thế kỉ X”.
bac-thuoc-va-dau-tranh-gianh-doc-lap,Bắc thuộc và đấu tranh giành độc lập,allowed_duplicate_report_only,duplicate_physical_hash,,,2,a3fdd7e0cab87b4c418920a418d37ca4783e47a93be4b09ca54ce089a490f87b,Duplicate image hash appears in 2 local files; allowed by external policy.
bac-thuoc-va-dau-tranh-gianh-doc-lap,Bắc thuộc và đấu tranh giành độc lập,allowed_duplicate_report_only,duplicate_physical_hash,,,1,b4e32b736dfcb2de1e354ace296b8c6b961efa775e2823a6a5127d7471a28e90,Duplicate image hash appears in 2 local files; allowed by external policy.
bai-bo-che-do-tem-phieu-o-viet-nam,Bãi bỏ chế độ tem phiếu ở Việt Nam,hard_blocked_duplicate_report_only,duplicate_physical_hash,,,2,2b6acaeef473b4cf4b0b85551dd4957efd158062c94f43d2de92ae70451e1df8,Duplicate image hash appears in 4 local files; allowed by external policy.
ban-hanh-chinh-sach-loc-dien-quan-dien,Ban hành chính sách lộc điền và quân điền,allowed_duplicate_report_only,duplicate_physical_hash,,,2,63788b13ca653804e4b56b590e09aafcef71132fec7da375641c68d38706927a,Duplicate image hash appears in 3 local files; allowed by external policy.
ban-hanh-chinh-sach-loc-dien-quan-dien,Ban hành chính sách lộc điền và quân điền,allowed_duplicate_report_only,duplicate_physical_hash,,,1,de71178f070b067b39abcc07f257157da189856a749cc70b635d101d74a164df,Duplicate image hash appears in 3 local files; allowed by external policy.
bo-chinh-tri-ban-hanh-chi-thi-05-ct-tw-ve-day-manh-hoc-tap-va-lam-theo-tu-tuong-dao-duc-phong-cach-ho-chi-minh,"Bộ Chính trị ban hành Chỉ thị 05-CT/TW về “đẩy mạnh học tập và làm theo tư tưởng, đạo đức, phong cách Hồ Chí Minh”",allowed_duplicate_report_only,duplicate_physical_hash,,,2,9938583f2533def20a933d36b6484b9bd85f1da4917b18a70bde83f7a6618fc3,Duplicate image hash appears in 2 local files; allowed by external policy.
bo-chinh-tri-ban-hanh-chi-thi-05-ct-tw-ve-day-manh-hoc-tap-va-lam-theo-tu-tuong-dao-duc-phong-cach-ho-chi-minh,"Bộ Chính trị ban hành Chỉ thị 05-CT/TW về “đẩy mạnh học tập và làm theo tư tưởng, đạo đức, phong cách Hồ Chí Minh”",allowed_duplicate_report_only,duplicate_physical_hash,,,1,9bc5bf1604b93e0995075e09dbcad67c040115007a4cdf1ebc3b54a5cef45573,Duplicate image hash appears in 7 local files; allowed by external policy.
bo-chinh-tri-ban-hanh-chi-thi-06-ct-tw-ve-cuoc-van-dong-hoc-tap-va-lam-theo-tam-guong-dao-duc-ho-chi-minh,Bộ Chính trị ban hành Chỉ thị 06-CT/TW về Cuộc vận động “Học tập và làm theo tấm gương đạo đức Hồ Chí Minh”,allowed_duplicate_report_only,duplicate_physical_hash,,,1,9938583f2533def20a933d36b6484b9bd85f1da4917b18a70bde83f7a6618fc3,Duplicate image hash appears in 2 local files; allowed by external policy.
bru-nay-tuyen-bo-ranh-gioi-them-luc-dia,Bru-nây tuyên bố về ranh giới thềm lục địa 200 hải lí,hard_blocked_duplicate_report_only,duplicate_physical_hash,,,2,eb9734cec45e8df77224c37fd7a796df5f4f7759bbb8c8890936a9d55f4d12d3,Duplicate image hash appears in 2 local files; allowed by external policy.
bru-nay-tuyen-bo-vung-dac-quyen-kinh-te,Bru-nây tuyên bố về vùng đặc quyền kinh tế,hard_blocked_duplicate_report_only,duplicate_physical_hash,,,2,bd95951ef6e6c6f681211ef3553d492cd8d3eca5262865dfffb0d52c2ca9074e,Duplicate image hash appears in 3 local files; allowed by external policy.
bru-nay-tuyen-bo-vung-dac-quyen-kinh-te,Bru-nây tuyên bố về vùng đặc quyền kinh tế,hard_blocked_duplicate_report_only,duplicate_physical_hash,,,1,eb9734cec45e8df77224c37fd7a796df5f4f7759bbb8c8890936a9d55f4d12d3,Duplicate image hash appears in 2 local files; allowed by external policy.
cac-chien-dich-tien-cong-quan-doi-viet-nam-1950-1953,Các chiến dịch tiến công của Quân đội Việt Nam (1950-1953),allowed_duplicate_report_only,duplicate_physical_hash,,,1,c61b54693d5ab1b108391c4eb588912ec0f5a954216249116b3f44407fcdd284,Duplicate image hash appears in 11 local files; allowed by external policy.
cac-dia-phuong-cuoi-cung-gianh-chinh-quyen,Đồng Nai Thượng và Hà Tiên là những địa phương cuối cùng giành chính quyền,allowed_duplicate_report_only,duplicate_physical_hash,,,1,1088752ab38488572b462617d90061a7ea64f415f4e126db27351c3154e7971a,Duplicate image hash appears in 4 local files; allowed by external policy.
cac-tinh-gianh-chinh-quyen-som-nhat,"Nhân dân Bắc Giang, Hải Dương, Hà Tĩnh và Quảng Nam giành được chính quyền",allowed_duplicate_report_only,duplicate_physical_hash,,,1,1088752ab38488572b462617d90061a7ea64f415f4e126db27351c3154e7971a,Duplicate image hash appears in 4 local files; allowed by external policy.
cach-mang-thang-tam-nam-1945,Cách mạng tháng Tám năm 1945,allowed_duplicate_report_only,duplicate_physical_hash,,,1,1088752ab38488572b462617d90061a7ea64f415f4e126db27351c3154e7971a,Duplicate image hash appears in 4 local files; allowed by external policy.
cach-mang-thang-tam-nam-1945,Cách mạng tháng Tám năm 1945,allowed_duplicate_report_only,duplicate_physical_hash,,,2,8bfdbb22ebc74e5300e7cbb925724907229bfb08a90c12fe343eeed0266418c9,Duplicate image hash appears in 3 local files; allowed by external policy.
cai-cach-tran-thu-do,Cải cách của Trần Thủ Độ,allowed_duplicate_report_only,duplicate_physical_hash,,,1,f93e7f53a23bf802d0b0f73909d40d71117ee07cd9c374561502bcbcec2981ea,Duplicate image hash appears in 2 local files; allowed by external policy.
cai-to-he-thong-quan-doi-le-thanh-tong,Cải tổ hệ thống quân đội dưới thời Lê Thánh Tông,allowed_duplicate_report_only,duplicate_physical_hash,,,1,de71178f070b067b39abcc07f257157da189856a749cc70b635d101d74a164df,Duplicate image hash appears in 3 local files; allowed by external policy.
chi-thi-thanh-lap-doi-viet-nam-tuyen-truyen-giai-phong-quan,Chỉ thị thành lập Đội Việt Nam Tuyên truyền Giải phóng quân,allowed_duplicate_report_only,duplicate_physical_hash,,,2,0efcff0a58387693839fd5f4fccea79e75518cd5b10b2fe06e945a2bdab8239a,Duplicate image hash appears in 2 local files; allowed by external policy.
chien-dich-tay-nguyen-1975,Chiến dịch Tây Nguyên,allowed_duplicate_report_only,duplicate_physical_hash,,,2,5181c4ff8eeefe7d872c741e6ff5556ef2db3b1bba633ba1815e5221343a9f45,Duplicate image hash appears in 4 local files; allowed by external policy.
chien-dich-viet-bac-thu-dong-1947,Chiến dịch Việt Bắc thu – đông năm 1947,allowed_duplicate_report_only,duplicate_physical_hash,,,1,b56750e769f7a287ea04191679b831c017832e5305c873bf6446e88257dc19be,Duplicate image hash appears in 2 local files; allowed by external policy.
chien-dich-viet-bac-thu-dong-1947,Chiến dịch Việt Bắc thu – đông năm 1947,allowed_duplicate_report_only,duplicate_physical_hash,,,2,c61b54693d5ab1b108391c4eb588912ec0f5a954216249116b3f44407fcdd284,Duplicate image hash appears in 11 local files; allowed by external policy.
chien-thang-bach-dang-938,Chiến thắng Bạch Đằng (938),allowed_duplicate_report_only,duplicate_physical_hash,,,1,45d3574d4c9c9369d38ac243b4ddb4da1f419764ecb0c81df344f3d6732d4add,Duplicate image hash appears in 2 local files; allowed by external policy.
chien-thang-duong-14-phuoc-long,Chiến thắng Đường 14 Phước Long,allowed_duplicate_report_only,duplicate_physical_hash,,,2,5181c4ff8eeefe7d872c741e6ff5556ef2db3b1bba633ba1815e5221343a9f45,Duplicate image hash appears in 4 local files; allowed by external policy.
chien-thang-van-tuong,Chiến thắng Vạn Tường,allowed_duplicate_report_only,duplicate_physical_hash,,,2,a9b7d38d7167e3fe7a391ce938871fa72644274d24c64f5252e10763b15fe025,Duplicate image hash appears in 2 local files; allowed by external policy.
chien-tranh-bao-ve-doc-lap-dan-toc-va-chu-quyen-quoc-gia-o-dong-duong,Chiến tranh bảo vệ độc lập dân tộc và chủ quyền quốc gia ở Đông Dương,allowed_duplicate_report_only,duplicate_physical_hash,,,1,5bfb049b0cc829e8543ea5316d92a65aec3ff0e0d19ed73d8142ffeb3775d356,Duplicate image hash appears in 2 local files; allowed by external policy.
chu-nom-su-dung-rong-rai,Chữ Nôm được sử dụng rộng rãi,allowed_duplicate_report_only,duplicate_physical_hash,,,1,77ebff9493f16d64e6be030c508faa9531fb2013aa2947ad993c9df670bce628,Duplicate image hash appears in 2 local files; allowed by external policy.
chu-quyen-bien-dao-viet-nam-1858-1918,Chủ quyền biển đảo Việt Nam 1858-1918,allowed_duplicate_report_only,duplicate_physical_hash,,,2,ce2b47535dc49e9dddfe3cf35ab594eb23711d2e1aeda7cf5e96b039d5b8636e,Duplicate image hash appears in 10 local files; allowed by external policy.
chu-quyen-bien-dao-viet-nam-1858-1918,Chủ quyền biển đảo Việt Nam 1858-1918,allowed_duplicate_report_only,duplicate_physical_hash,,,1,f08e74f3321567cab211c362ce2b406bbf49a11491e0a25a0d4dd1f92d8f6b77,Duplicate image hash appears in 4 local files; allowed by external policy.
chu-quyen-bien-dao-viet-nam-1919-1945,Chủ quyền biển đảo Việt Nam 1919-1945,allowed_duplicate_report_only,duplicate_physical_hash,,,2,ce2b47535dc49e9dddfe3cf35ab594eb23711d2e1aeda7cf5e96b039d5b8636e,Duplicate image hash appears in 10 local files; allowed by external policy.
chu-quyen-bien-dao-viet-nam-1919-1945,Chủ quyền biển đảo Việt Nam 1919-1945,allowed_duplicate_report_only,duplicate_physical_hash,,,1,f08e74f3321567cab211c362ce2b406bbf49a11491e0a25a0d4dd1f92d8f6b77,Duplicate image hash appears in 4 local files; allowed by external policy.
chu-quyen-viet-nam-duoc-tuyen-bo-cong-nhan-hoi-nghi-xan-phran-xi-xo,Chủ quyền của Việt Nam đối với Hoàng Sa và Trường Sa được tuyên bố và công nhận tại Hội nghị Hoà bình Xan Phran-xi-xcô,allowed_duplicate_report_only,duplicate_physical_hash,,,1,ce2b47535dc49e9dddfe3cf35ab594eb23711d2e1aeda7cf5e96b039d5b8636e,Duplicate image hash appears in 10 local files; allowed by external policy.
cuoc-tien-cong-chien-luoc-dong-xuan-1953-1954,Cuộc Tiến công chiến lược Đông - Xuân 1953 - 1954,allowed_duplicate_report_only,duplicate_physical_hash,,,1,c61b54693d5ab1b108391c4eb588912ec0f5a954216249116b3f44407fcdd284,Duplicate image hash appears in 11 local files; allowed by external policy.
cuoc-tien-cong-chien-luoc-dong-xuan-1953-1954,Cuộc Tiến công chiến lược Đông - Xuân 1953 - 1954,allowed_duplicate_report_only,duplicate_physical_hash,,,2,e34310f6796e92cf2a2f7df5ab269ee50810234081b3e20ed8ec445402e85795,Duplicate image hash appears in 3 local files; allowed by external policy.
cuoc-van-dong-san-xuat-va-tiet-kiem-1952,Cuộc vận động sản xuất và tiết kiệm,allowed_duplicate_report_only,duplicate_physical_hash,,,1,18d54d74940f3cbce300b550034606a931e396e20f2060fbf649181d6baf7be3,Duplicate image hash appears in 2 local files; allowed by external policy.
cuoc-van-dong-san-xuat-va-tiet-kiem-1952,Cuộc vận động sản xuất và tiết kiệm,allowed_duplicate_report_only,duplicate_physical_hash,,,2,a03a15ee2daf662c10a09a2d1fb27c9893d3b08cedb6d3b72c1c39a47c252e60,Duplicate image hash appears in 9 local files; allowed by external policy.
dai-hoi-chien-si-thi-dua-can-bo-guong-mau-toan-quoc-lan-thu-nhat-1952,Đại hội Chiến sĩ thi đua và Cán bộ gương mẫu toàn quốc lần thứ nhất,allowed_duplicate_report_only,duplicate_physical_hash,,,1,a03a15ee2daf662c10a09a2d1fb27c9893d3b08cedb6d3b72c1c39a47c252e60,Duplicate image hash appears in 9 local files; allowed by external policy.
dai-hoi-dai-bieu-toan-quoc-lan-thu-iii-dang-lao-dong-viet-nam,Đại hội đại biểu toàn quốc lần thứ III Đảng Lao động Việt Nam,allowed_duplicate_report_only,duplicate_physical_hash,,,1,9bc5bf1604b93e0995075e09dbcad67c040115007a4cdf1ebc3b54a5cef45573,Duplicate image hash appears in 7 local files; allowed by external policy.
dai-hoi-dai-bieu-toan-quoc-lan-thu-viii-cua-dang-cong-san-viet-nam,Đại hội đại biểu toàn quốc lần thứ VIII của Đảng Cộng sản Việt Nam,hard_blocked_duplicate_report_only,duplicate_physical_hash,,,1,35305cf622ec5c88d90b9a3475a964bf94dc630e69ce98a19b72228655610d00,Duplicate image hash appears in 6 local files; allowed by external policy.
dai-hoi-dai-bieu-toan-quoc-lan-thu-viii-cua-dang-cong-san-viet-nam,Đại hội đại biểu toàn quốc lần thứ VIII của Đảng Cộng sản Việt Nam,hard_blocked_duplicate_report_only,duplicate_physical_hash,,,2,9bc5bf1604b93e0995075e09dbcad67c040115007a4cdf1ebc3b54a5cef45573,Duplicate image hash appears in 7 local files; allowed by external policy.
dai-hoi-dai-bieu-toan-quoc-lan-thu-x-cua-dang-cong-san-viet-nam,Đại hội đại biểu toàn quốc lần thứ X của Đảng Cộng sản Việt Nam,allowed_duplicate_report_only,duplicate_physical_hash,,,2,2b6acaeef473b4cf4b0b85551dd4957efd158062c94f43d2de92ae70451e1df8,Duplicate image hash appears in 4 local files; allowed by external policy.
dai-hoi-dai-bieu-toan-quoc-lan-thu-x-cua-dang-cong-san-viet-nam,Đại hội đại biểu toàn quốc lần thứ X của Đảng Cộng sản Việt Nam,allowed_duplicate_report_only,duplicate_physical_hash,,,1,35305cf622ec5c88d90b9a3475a964bf94dc630e69ce98a19b72228655610d00,Duplicate image hash appears in 6 local files; allowed by external policy.
dai-loan-chiem-bai-can-ran-san-ho-ban-than,Đài Loan chiếm bãi cạn rạn san hô Bàn Than,hard_blocked_duplicate_report_only,duplicate_physical_hash,,,2,e0c08b4e62be45a1c9f9c86011136b68f16f8b06c45af880df94f20fd9b40646,Duplicate image hash appears in 3 local files; allowed by external policy.
dai-loan-chiem-dong-dao-ba-binh-truong-sa,Đài Loan chiếm đóng đảo Ba Bình thuộc quần đảo Trường Sa,allowed_duplicate_report_only,duplicate_physical_hash,,,2,ce2b47535dc49e9dddfe3cf35ab594eb23711d2e1aeda7cf5e96b039d5b8636e,Duplicate image hash appears in 10 local files; allowed by external policy.
dat-them-thua-tuyen-quang-nam,Đặt thêm thừa tuyên Quảng Nam,allowed_duplicate_report_only,duplicate_physical_hash,,,2,63788b13ca653804e4b56b590e09aafcef71132fec7da375641c68d38706927a,Duplicate image hash appears in 3 local files; allowed by external policy.
dat-them-thua-tuyen-quang-nam,Đặt thêm thừa tuyên Quảng Nam,allowed_duplicate_report_only,duplicate_physical_hash,,,1,de71178f070b067b39abcc07f257157da189856a749cc70b635d101d74a164df,Duplicate image hash appears in 3 local files; allowed by external policy.
dau-tranh-chong-phong-kien-phuong-bac,"Đấu tranh chống sự thống trị, đồng hoá của các triều đại phong kiến phương Bắc",allowed_duplicate_report_only,duplicate_physical_hash,,,2,45d3574d4c9c9369d38ac243b4ddb4da1f419764ecb0c81df344f3d6732d4add,Duplicate image hash appears in 2 local files; allowed by external policy.
dau-tranh-chong-phong-kien-phuong-bac,"Đấu tranh chống sự thống trị, đồng hoá của các triều đại phong kiến phương Bắc",allowed_duplicate_report_only,duplicate_physical_hash,,,1,72c7d0111c80e59835bdc5a28cedb0ed3017ff98f038b8314d9d97a28afe2fa0,Duplicate image hash appears in 4 local files; allowed by external policy.
dinh-tien-le-dong-do-hoa-lu,Triều Đinh và Tiền Lê đóng đô ở Hoa Lư,allowed_duplicate_report_only,duplicate_physical_hash,,,1,0dd79b24455fc4bb6cb38a6fc210672458389d8b4a82a4c8f86ca70ba4b82def,Duplicate image hash appears in 2 local files; allowed by external policy.
do-dac-cam-moc-chu-quyen-hoang-sa-pham-huu-nhat,"Đo đạc, cắm mốc chủ quyền Hoàng Sa của Phạm Hữu Nhật",allowed_duplicate_report_only,duplicate_physical_hash,,,1,f08e74f3321567cab211c362ce2b406bbf49a11491e0a25a0d4dd1f92d8f6b77,Duplicate image hash appears in 4 local files; allowed by external policy.
giai-doan-khang-chien-chong-my-1954-1960,"Giai đoạn 1954 - 1960 của cuộc kháng chiến chống Mỹ, cứu nước",allowed_duplicate_report_only,duplicate_physical_hash,,,1,55e7e5a6e2370760fc3186008044abfb529b67a9c9913b35deb92edc04b139f8,Duplicate image hash appears in 2 local files; allowed by external policy.
giai-doan-khang-chien-chong-my-1954-1960,"Giai đoạn 1954 - 1960 của cuộc kháng chiến chống Mỹ, cứu nước",allowed_duplicate_report_only,duplicate_physical_hash,,,2,baa4c4f19449fb9e9d5365ef0e9a1b0c06b790bf23daf9b54cc1b502b04dfa77,Duplicate image hash appears in 3 local files; allowed by external policy.
giai-phong-da-nang,Giải phóng Đà Nẵng,allowed_duplicate_report_only,duplicate_physical_hash,,,2,5181c4ff8eeefe7d872c741e6ff5556ef2db3b1bba633ba1815e5221343a9f45,Duplicate image hash appears in 4 local files; allowed by external policy.
giai-phong-da-nang,Giải phóng Đà Nẵng,allowed_duplicate_report_only,duplicate_physical_hash,,,1,ad1e053a1747bce6fe72a420584b3f13f80adc67483f056b53470a3d35ba4466,Duplicate image hash appears in 2 local files; allowed by external policy.
giai-phong-hue-va-thua-thien,Giải phóng thành phố Huế và toàn tỉnh Thừa Thiên,allowed_duplicate_report_only,duplicate_physical_hash,,,2,5181c4ff8eeefe7d872c741e6ff5556ef2db3b1bba633ba1815e5221343a9f45,Duplicate image hash appears in 4 local files; allowed by external policy.
giai-phong-hue-va-thua-thien,Giải phóng thành phố Huế và toàn tỉnh Thừa Thiên,allowed_duplicate_report_only,duplicate_physical_hash,,,1,ad1e053a1747bce6fe72a420584b3f13f80adc67483f056b53470a3d35ba4466,Duplicate image hash appears in 2 local files; allowed by external policy.
giai-phong-thi-xa-thai-nguyen,Giải phóng thị xã Thái Nguyên,allowed_duplicate_report_only,duplicate_physical_hash,,,2,0efcff0a58387693839fd5f4fccea79e75518cd5b10b2fe06e945a2bdab8239a,Duplicate image hash appears in 2 local files; allowed by external policy.
hien-phap-cong-hoa-xa-hoi-chu-nghia-viet-nam-2013,Hiến pháp nước Cộng hoà xã hội chủ nghĩa Việt Nam năm 2013,allowed_duplicate_report_only,duplicate_physical_hash,,,1,7c370993c68c8d890a66ffdb7e861ceae5b24e50911485cfc69080c92cb1bdbf,Duplicate image hash appears in 2 local files; allowed by external policy.
hien-phap-viet-nam-dan-chu-cong-hoa-1946,Hiến pháp nước Việt Nam Dân chủ Cộng hoà năm 1946,allowed_duplicate_report_only,duplicate_physical_hash,,,2,063dff2750333d6f86f93b7bee62c31c183f94c9c6813ab4a1308ef192e81c16,Duplicate image hash appears in 2 local files; allowed by external policy.
hien-phap-viet-nam-dan-chu-cong-hoa-1946,Hiến pháp nước Việt Nam Dân chủ Cộng hoà năm 1946,allowed_duplicate_report_only,duplicate_physical_hash,,,1,7c370993c68c8d890a66ffdb7e861ceae5b24e50911485cfc69080c92cb1bdbf,Duplicate image hash appears in 2 local files; allowed by external policy.
hiep-uoc-hoa-phap-1946,Kí Hiệp ước Hoa - Pháp,allowed_duplicate_report_only,duplicate_physical_hash,,,1,c61b54693d5ab1b108391c4eb588912ec0f5a954216249116b3f44407fcdd284,Duplicate image hash appears in 11 local files; allowed by external policy.
ho-chi-minh-chu-tich-tong-bi-thu-dang-lao-dong-1956,"Chủ tịch Hồ Chí Minh là Chủ tịch Đảng, kiêm Tổng Bí thư Đảng Lao động Việt Nam",allowed_duplicate_report_only,duplicate_physical_hash,,,1,9bc5bf1604b93e0995075e09dbcad67c040115007a4cdf1ebc3b54a5cef45573,Duplicate image hash appears in 7 local files; allowed by external policy.
ho-chi-minh-duoc-bau-chu-tich-ban-chap-hanh-trung-uong-dang-1951,Hồ Chí Minh được bầu làm Chủ tịch Ban Chấp hành Trung ương Đảng,allowed_duplicate_report_only,duplicate_physical_hash,,,1,9bc5bf1604b93e0995075e09dbcad67c040115007a4cdf1ebc3b54a5cef45573,Duplicate image hash appears in 7 local files; allowed by external policy.
ho-chi-minh-duoc-bau-chu-tich-nuoc-1946,Hồ Chí Minh được Quốc hội khoá I bầu làm Chủ tịch nước Việt Nam Dân chủ Cộng hoà,allowed_duplicate_report_only,duplicate_physical_hash,,,1,c7b33acbacbab581acb1721bcf3f74f44aec1c039ad8fd090377ef8e4c7a2959,Duplicate image hash appears in 2 local files; allowed by external policy.
ho-chi-minh-gui-loi-keu-goi-quoc-dan-di-bo-phieu,Chủ tịch Hồ Chí Minh gửi Lời kêu gọi quốc dân đi bỏ phiếu,allowed_duplicate_report_only,duplicate_physical_hash,,,1,063dff2750333d6f86f93b7bee62c31c183f94c9c6813ab4a1308ef192e81c16,Duplicate image hash appears in 2 local files; allowed by external policy.
ho-chi-minh-keu-goi-nhuong-com-se-ao-tang-gia-san-xuat,Chủ tịch Hồ Chí Minh kêu gọi nhân dân cả nước “Nhường cơm sẻ áo” và “Tăng gia sản xuất”,allowed_duplicate_report_only,duplicate_physical_hash,,,2,a03a15ee2daf662c10a09a2d1fb27c9893d3b08cedb6d3b72c1c39a47c252e60,Duplicate image hash appears in 9 local files; allowed by external policy.
ho-chi-minh-ra-loi-keu-goi-toan-quoc-khang-chien,Chủ tịch Hồ Chí Minh ra Lời kêu gọi toàn quốc kháng chiến,allowed_duplicate_report_only,duplicate_physical_hash,,,2,a03a15ee2daf662c10a09a2d1fb27c9893d3b08cedb6d3b72c1c39a47c252e60,Duplicate image hash appears in 9 local files; allowed by external policy.
ho-chi-minh-ra-loi-keu-goi-toan-quoc-khang-chien,Chủ tịch Hồ Chí Minh ra Lời kêu gọi toàn quốc kháng chiến,allowed_duplicate_report_only,duplicate_physical_hash,,,1,a7b6a162bb18749d09452e60b5a81c2441f896b7fd57cfdd134e0c2c2f24a58a,Duplicate image hash appears in 2 local files; allowed by external policy.
ho-chi-minh-sang-con-minh-tim-su-ung-ho-quoc-te,Hồ Chí Minh sang Côn Minh (Trung Quốc) tìm kiếm sự ủng hộ quốc tế,allowed_duplicate_report_only,duplicate_physical_hash,,,1,edd3200b9a3556517b4206de3bbd78e95a49c4a46bd6b4b6a55312cefdc352ca,Duplicate image hash appears in 3 local files; allowed by external policy.
ho-chi-minh-tro-ve-nuoc-1944,Hồ Chí Minh trở về nước tiếp tục lãnh đạo cách mạng,allowed_duplicate_report_only,duplicate_physical_hash,,,1,edd3200b9a3556517b4206de3bbd78e95a49c4a46bd6b4b6a55312cefdc352ca,Duplicate image hash appears in 3 local files; allowed by external policy.
hoat-dong-doi-ngoai-dang-cong-san-dong-duong-1930-1945,Hoạt động đối ngoại của Đảng Cộng sản Đông Dương,allowed_duplicate_report_only,duplicate_physical_hash,,,1,35305cf622ec5c88d90b9a3475a964bf94dc630e69ce98a19b72228655610d00,Duplicate image hash appears in 6 local files; allowed by external policy.
hoat-dong-doi-ngoai-phan-boi-chau,Hoạt động đối ngoại của Phan Bội Châu,allowed_duplicate_report_only,duplicate_physical_hash,,,1,286951184bc8375b16ec8a0c217369fd19c7ef16e521026e160922a916560cdf,Duplicate image hash appears in 5 local files; allowed by external policy.
hoat-dong-doi-ngoai-phan-chau-trinh,Hoạt động đối ngoại của Phan Châu Trinh,allowed_duplicate_report_only,duplicate_physical_hash,,,1,1bfba1a681aa2a412fa5dc188663e66c8f209edac8184f95eb90b556f0d39da1,Duplicate image hash appears in 2 local files; allowed by external policy.
hoi-nghi-ban-chap-hanh-trung-uong-dang-lan-thu-21,Hội nghị Ban Chấp hành Trung ương Đảng lần thứ 21,allowed_duplicate_report_only,duplicate_physical_hash,,,1,9bc5bf1604b93e0995075e09dbcad67c040115007a4cdf1ebc3b54a5cef45573,Duplicate image hash appears in 7 local files; allowed by external policy.
hoi-nghi-ban-chap-hanh-trung-uong-lan-thu-15-dang-lao-dong-viet-nam,Hội nghị Ban Chấp hành Trung ương lần thứ 15 của Đảng Lao động Việt Nam,allowed_duplicate_report_only,duplicate_physical_hash,,,1,9bc5bf1604b93e0995075e09dbcad67c040115007a4cdf1ebc3b54a5cef45573,Duplicate image hash appears in 7 local files; allowed by external policy.
hoi-nghi-ban-chap-hanh-trung-uong-lan-thu-15-dang-lao-dong-viet-nam,Hội nghị Ban Chấp hành Trung ương lần thứ 15 của Đảng Lao động Việt Nam,allowed_duplicate_report_only,duplicate_physical_hash,,,2,baa4c4f19449fb9e9d5365ef0e9a1b0c06b790bf23daf9b54cc1b502b04dfa77,Duplicate image hash appears in 3 local files; allowed by external policy.
hoi-nghi-lan-thu-8-ban-chap-hanh-trung-uong-dang-cong-san-dong-duong,Hội nghị lần thứ 8 Ban Chấp hành Trung ương Đảng Cộng sản Đông Dương,allowed_duplicate_report_only,duplicate_physical_hash,,,1,3e26a279d1a2fa7fa69f6e4e75e9c35670705ccbc273cbb04fcba711bab36c5a,Duplicate image hash appears in 4 local files; allowed by external policy.
hoi-nghi-lan-thu-8-ban-chap-hanh-trung-uong-dang-cong-san-dong-duong,Hội nghị lần thứ 8 Ban Chấp hành Trung ương Đảng Cộng sản Đông Dương,allowed_duplicate_report_only,duplicate_physical_hash,,,2,f5359777e15d84ea14bc38e2c08bac757125758a7a3da768012a7015f917a055,Duplicate image hash appears in 5 local files; allowed by external policy.
hoi-nghi-thanh-lap-dang-cong-san-viet-nam,Nguyễn Ái Quốc triệu tập và chủ trì Hội nghị thành lập Đảng Cộng sản Việt Nam,allowed_duplicate_report_only,duplicate_physical_hash,,,1,35305cf622ec5c88d90b9a3475a964bf94dc630e69ce98a19b72228655610d00,Duplicate image hash appears in 6 local files; allowed by external policy.
hoi-the-dong-quan,Hội thề Đông Quan,allowed_duplicate_report_only,duplicate_physical_hash,,,1,68d645b9cf2709cea3fd0f7896556727b636cb32a840b96ff4526de28ec1c9c8,Duplicate image hash appears in 3 local files; allowed by external policy.
hoi-the-dong-quan,Hội thề Đông Quan,allowed_duplicate_report_only,duplicate_physical_hash,,,2,e6f33804f6cb763f8023d6747cc7af391fa851c1761de157221c66188640ba21,Duplicate image hash appears in 3 local files; allowed by external policy.
hoi-the-lung-nhai,Hội thề Lũng Nhai,allowed_duplicate_report_only,duplicate_physical_hash,,,1,68d645b9cf2709cea3fd0f7896556727b636cb32a840b96ff4526de28ec1c9c8,Duplicate image hash appears in 3 local files; allowed by external policy.
hoi-the-lung-nhai,Hội thề Lũng Nhai,allowed_duplicate_report_only,duplicate_physical_hash,,,2,e6f33804f6cb763f8023d6747cc7af391fa851c1761de157221c66188640ba21,Duplicate image hash appears in 3 local files; allowed by external policy.
ke-hoach-na-va-1953,Kế hoạch Na-va,allowed_duplicate_report_only,duplicate_physical_hash,,,1,c61b54693d5ab1b108391c4eb588912ec0f5a954216249116b3f44407fcdd284,Duplicate image hash appears in 11 local files; allowed by external policy.
ke-hoach-na-va-1953,Kế hoạch Na-va,allowed_duplicate_report_only,duplicate_physical_hash,,,2,e34310f6796e92cf2a2f7df5ab269ee50810234081b3e20ed8ec445402e85795,Duplicate image hash appears in 3 local files; allowed by external policy.
ke-hoach-nha-nuoc-5-nam-lan-thu-nhat-mien-bac,Kế hoạch Nhà nước 5 năm lần thứ nhất (1961-1965) ở miền Bắc,allowed_duplicate_report_only,duplicate_physical_hash,,,1,15bc236a2870c365d04c8e61adcde1ab21eda2fce9fd068e80391ed07ec3253e,Duplicate image hash appears in 2 local files; allowed by external policy.
ke-hoach-nha-nuoc-5-nam-lan-thu-nhat-mien-bac,Kế hoạch Nhà nước 5 năm lần thứ nhất (1961-1965) ở miền Bắc,allowed_duplicate_report_only,duplicate_physical_hash,,,2,18d54d74940f3cbce300b550034606a931e396e20f2060fbf649181d6baf7be3,Duplicate image hash appears in 2 local files; allowed by external policy.
khang-chien-chong-my-cuu-nuoc,"Cuộc kháng chiến chống Mỹ, cứu nước",allowed_duplicate_report_only,duplicate_physical_hash,,,1,5bfb049b0cc829e8543ea5316d92a65aec3ff0e0d19ed73d8142ffeb3775d356,Duplicate image hash appears in 2 local files; allowed by external policy.
khang-chien-chong-quan-minh-nha-ho,Kháng chiến chống quân Minh của nhà Hồ,allowed_duplicate_report_only,duplicate_physical_hash,,,1,48f861762c584f755ef179bfa48e32d330cc161c43e19667dfe00123ef4f83af,Duplicate image hash appears in 2 local files; allowed by external policy.
khang-chien-chong-quan-mong-co-1258,Kháng chiến chống quân Mông Cổ (lần 1),allowed_duplicate_report_only,duplicate_physical_hash,,,1,c921f6640583247bc7845b16b2097ea9c0990f95d29ac0a9ff22b0a75b648d48,Duplicate image hash appears in 2 local files; allowed by external policy.
khang-chien-chong-quan-nguyen-1285,Kháng chiến chống quân Nguyên (lần 2),allowed_duplicate_report_only,duplicate_physical_hash,,,1,c921f6640583247bc7845b16b2097ea9c0990f95d29ac0a9ff22b0a75b648d48,Duplicate image hash appears in 2 local files; allowed by external policy.
khang-chien-chong-quan-tong-1075-1077,Kháng chiến chống quân Tống (lần 2),allowed_duplicate_report_only,duplicate_physical_hash,,,1,69f9ea3ee6027bd867a78d71fa6165935fc7089e40faec5886b6b124afa1a0ca,Duplicate image hash appears in 2 local files; allowed by external policy.
khang-chien-chong-thuc-dan-phap-1945-1954,Cuộc kháng chiến chống thực dân Pháp,allowed_duplicate_report_only,duplicate_physical_hash,,,1,c61b54693d5ab1b108391c4eb588912ec0f5a954216249116b3f44407fcdd284,Duplicate image hash appears in 11 local files; allowed by external policy.
khang-chien-chong-thuc-dan-phap-1945-1954,Cuộc kháng chiến chống thực dân Pháp,allowed_duplicate_report_only,duplicate_physical_hash,,,2,f5359777e15d84ea14bc38e2c08bac757125758a7a3da768012a7015f917a055,Duplicate image hash appears in 5 local files; allowed by external policy.
khang-chien-chong-thuc-dan-phap-o-viet-nam-lao-cam-pu-chia,"Kháng chiến chống thực dân Pháp ở Việt Nam, Lào, Cam-pu-chia",allowed_duplicate_report_only,duplicate_physical_hash,,,1,c61b54693d5ab1b108391c4eb588912ec0f5a954216249116b3f44407fcdd284,Duplicate image hash appears in 11 local files; allowed by external policy.
khang-chien-chong-thuc-dan-phap-trieu-nguyen,Kháng chiến chống thực dân Pháp của triều Nguyễn,allowed_duplicate_report_only,duplicate_physical_hash,,,2,433c9e1e09d6d2961597ab936f2833838ee4e0f7ba68bd4299a4521cecb5238c,Duplicate image hash appears in 2 local files; allowed by external policy.
khang-chien-chong-thuc-dan-phap-trieu-nguyen,Kháng chiến chống thực dân Pháp của triều Nguyễn,allowed_duplicate_report_only,duplicate_physical_hash,,,1,7e4ed42bbb03ac141af1b3199808f1e48ebfe62ef050077dd11c8ef3f7f0d436,Duplicate image hash appears in 4 local files; allowed by external policy.
khang-chien-thang-loi,Kháng chiến thắng lợi,allowed_duplicate_report_only,duplicate_physical_hash,,,1,c61b54693d5ab1b108391c4eb588912ec0f5a954216249116b3f44407fcdd284,Duplicate image hash appears in 11 local files; allowed by external policy.
khang-chien-thang-loi,Kháng chiến thắng lợi,allowed_duplicate_report_only,duplicate_physical_hash,,,2,e34310f6796e92cf2a2f7df5ab269ee50810234081b3e20ed8ec445402e85795,Duplicate image hash appears in 3 local files; allowed by external policy.
khang-chien-toan-quoc-chong-thuc-dan-phap-bung-no,Kháng chiến toàn quốc chống thực dân Pháp bùng nổ,allowed_duplicate_report_only,duplicate_physical_hash,,,1,a7b6a162bb18749d09452e60b5a81c2441f896b7fd57cfdd134e0c2c2f24a58a,Duplicate image hash appears in 2 local files; allowed by external policy.
khang-chien-toan-quoc-chong-thuc-dan-phap-bung-no,Kháng chiến toàn quốc chống thực dân Pháp bùng nổ,allowed_duplicate_report_only,duplicate_physical_hash,,,2,c61b54693d5ab1b108391c4eb588912ec0f5a954216249116b3f44407fcdd284,Duplicate image hash appears in 11 local files; allowed by external policy.
khoi-nghia-ba-trieu,Khởi nghĩa Bà Triệu,allowed_duplicate_report_only,duplicate_physical_hash,,,1,a3fdd7e0cab87b4c418920a418d37ca4783e47a93be4b09ca54ce089a490f87b,Duplicate image hash appears in 2 local files; allowed by external policy.
khoi-nghia-hai-ba-trung,Khởi nghĩa Hai Bà Trưng,allowed_duplicate_report_only,duplicate_physical_hash,,,1,b4e32b736dfcb2de1e354ace296b8c6b961efa775e2823a6a5127d7471a28e90,Duplicate image hash appears in 2 local files; allowed by external policy.
khoi-nghia-khuc-thua-du,Khởi nghĩa Khúc Thừa Dụ,allowed_duplicate_report_only,duplicate_physical_hash,,,1,ae63352169def380becccc0a5160d005ef04b91161b0f1c91abf539739ddf295,Duplicate image hash appears in 4 local files; allowed by external policy.
khoi-nghia-mai-thuc-loan,Khởi nghĩa Mai Thúc Loan,allowed_duplicate_report_only,duplicate_physical_hash,,,2,ae63352169def380becccc0a5160d005ef04b91161b0f1c91abf539739ddf295,Duplicate image hash appears in 4 local files; allowed by external policy.
khoi-nghia-mai-thuc-loan,Khởi nghĩa Mai Thúc Loan,allowed_duplicate_report_only,duplicate_physical_hash,,,1,eec7c2ea0b83b502bc38c264c64c54fd8dd98afcdf97f37639c7cab9e7b08a80,Duplicate image hash appears in 2 local files; allowed by external policy.
khung-hoang-cuoi-trieu-tran,Khủng hoảng cuối triều Trần,allowed_duplicate_report_only,duplicate_physical_hash,,,1,f93e7f53a23bf802d0b0f73909d40d71117ee07cd9c374561502bcbcec2981ea,Duplicate image hash appears in 2 local files; allowed by external policy.
ki-tuyen-bo-ve-ung-xu-cua-cac-ben-o-bien-dong-doc,Kí Tuyên bố về ứng xử của các bên ở Biển Đông (DOC),allowed_duplicate_report_only,duplicate_physical_hash,,,2,bd95951ef6e6c6f681211ef3553d492cd8d3eca5262865dfffb0d52c2ca9074e,Duplicate image hash appears in 3 local files; allowed by external policy.
ki-tuyen-bo-ve-ung-xu-cua-cac-ben-o-bien-dong-doc,Kí Tuyên bố về ứng xử của các bên ở Biển Đông (DOC),allowed_duplicate_report_only,duplicate_physical_hash,,,1,c44d89b7c5ad085c7938fb68a5078b9d67ae758202ef14b209cb5b22d10fa1b9,Duplicate image hash appears in 4 local files; allowed by external policy.
lang-co-ten-nom-xuat-hien-som-thoi-ly-tran,Những làng có tên nôm xuất hiện sớm vào thời Lý – Trần,hard_blocked_duplicate_report_only,duplicate_physical_hash,,,1,77ebff9493f16d64e6be030c508faa9531fb2013aa2947ad993c9df670bce628,Duplicate image hash appears in 2 local files; allowed by external policy.
le-loi-xay-thanh-luc-nien,Lê Lợi xây thành Lục Niên,allowed_duplicate_report_only,duplicate_physical_hash,,,1,68d645b9cf2709cea3fd0f7896556727b636cb32a840b96ff4526de28ec1c9c8,Duplicate image hash appears in 3 local files; allowed by external policy.
le-loi-xay-thanh-luc-nien,Lê Lợi xây thành Lục Niên,allowed_duplicate_report_only,duplicate_physical_hash,,,2,e6f33804f6cb763f8023d6747cc7af391fa851c1761de157221c66188640ba21,Duplicate image hash appears in 3 local files; allowed by external policy.
lien-hop-quoc-vien-tro-viet-nam-1977-1986,Hệ thống phát triển Liên hợp quốc viện trợ không hoàn lại cho Việt Nam,allowed_duplicate_report_only,duplicate_physical_hash,,,1,e54a4f3d5262565e67defd28bcf6894de882d3a8e35cfdb67a2c46fea992ce9b,Duplicate image hash appears in 3 local files; allowed by external policy.
lien-xo-vien-tro-cho-viet-nam,Liên Xô viện trợ cho Việt Nam,allowed_duplicate_report_only,duplicate_physical_hash,,,1,75c0425d590c6f5e335e414a9b51ac437bf3211c3e5f3e92758086cad6eddf61,Duplicate image hash appears in 2 local files; allowed by external policy.
ly-nhan-tong-lap-quoc-tu-giam,Vua Lý Nhân Tông cho lập Quốc Tử Giám,allowed_duplicate_report_only,duplicate_physical_hash,,,1,75297dbfbf1bba8492343a539afa45cddf45862e17fe67d3f9817bc7c82ab16b,Duplicate image hash appears in 3 local files; allowed by external policy.
ly-nhan-tong-lap-quoc-tu-giam,Vua Lý Nhân Tông cho lập Quốc Tử Giám,allowed_duplicate_report_only,duplicate_physical_hash,,,2,76432a77a53e7c3fba5c28909b0d6f5d4b62b188839667400e9ad2a59aeaf76f,Duplicate image hash appears in 2 local files; allowed by external policy.
ly-thuong-kiet-tap-kich-kham-chau-liem-chau-ung-chau,"Lý Thường Kiệt chủ động tập kích Khâm Châu, Liêm Châu, Ung Châu",allowed_duplicate_report_only,duplicate_physical_hash,,,1,69f9ea3ee6027bd867a78d71fa6165935fc7089e40faec5886b6b124afa1a0ca,Duplicate image hash appears in 2 local files; allowed by external policy.
mai-thuc-loan-khoi-nghia,Mai Thúc Loan dựng cờ khởi nghĩa,allowed_duplicate_report_only,duplicate_physical_hash,,,2,ae63352169def380becccc0a5160d005ef04b91161b0f1c91abf539739ddf295,Duplicate image hash appears in 4 local files; allowed by external policy.
mai-thuc-loan-khoi-nghia,Mai Thúc Loan dựng cờ khởi nghĩa,allowed_duplicate_report_only,duplicate_physical_hash,,,1,eec7c2ea0b83b502bc38c264c64c54fd8dd98afcdf97f37639c7cab9e7b08a80,Duplicate image hash appears in 2 local files; allowed by external policy.
my-can-thiep-vao-dong-duong,Mỹ can thiệp vào Đông Dương,allowed_duplicate_report_only,duplicate_physical_hash,,,1,a9b7d38d7167e3fe7a391ce938871fa72644274d24c64f5252e10763b15fe025,Duplicate image hash appears in 2 local files; allowed by external policy.
my-thay-chan-phap-dung-chinh-quyen-ngo-dinh-diem,"Mỹ thay chân Pháp, dựng chính quyền Ngô Đình Diệm",allowed_duplicate_report_only,duplicate_physical_hash,,,2,55e7e5a6e2370760fc3186008044abfb529b67a9c9913b35deb92edc04b139f8,Duplicate image hash appears in 2 local files; allowed by external policy.
nguyen-ai-quoc-den-lien-xo-1923,Nguyễn Ái Quốc đến Liên Xô và tham gia Quốc tế Cộng sản,allowed_duplicate_report_only,duplicate_physical_hash,,,1,a03a15ee2daf662c10a09a2d1fb27c9893d3b08cedb6d3b72c1c39a47c252e60,Duplicate image hash appears in 9 local files; allowed by external policy.
nguyen-ai-quoc-doc-luan-cuong-le-nin,Nguyễn Ái Quốc đọc Sơ thảo lần thứ nhất những luận cương về vấn đề dân tộc và vấn đề thuộc địa của Lê-nin,allowed_duplicate_report_only,duplicate_physical_hash,,,1,200a96d41711a157c83d0723813d8e1211cf746787cdb2afe2dd5ed786ba0ffd,Duplicate image hash appears in 5 local files; allowed by external policy.
nguyen-ai-quoc-gia-nhap-quoc-te-cong-san-va-sang-lap-dang-cong-san-phap,Nguyễn Ái Quốc bỏ phiếu tán thành gia nhập Quốc tế Cộng sản và sáng lập Đảng Cộng sản Pháp,allowed_duplicate_report_only,duplicate_physical_hash,,,2,200a96d41711a157c83d0723813d8e1211cf746787cdb2afe2dd5ed786ba0ffd,Duplicate image hash appears in 5 local files; allowed by external policy.
nguyen-ai-quoc-gui-yeu-sach-vec-xai,Nguyễn Ái Quốc gửi Yêu sách của nhân dân An Nam đến Hội nghị Véc-xai,allowed_duplicate_report_only,duplicate_physical_hash,,,1,200a96d41711a157c83d0723813d8e1211cf746787cdb2afe2dd5ed786ba0ffd,Duplicate image hash appears in 5 local files; allowed by external policy.
nguyen-ai-quoc-hoat-dong-chau-au-siam-1927-1929,"Nguyễn Ái Quốc hoạt động cách mạng ở Pháp, Bỉ, Đức, Xiêm",allowed_duplicate_report_only,duplicate_physical_hash,,,2,a03a15ee2daf662c10a09a2d1fb27c9893d3b08cedb6d3b72c1c39a47c252e60,Duplicate image hash appears in 9 local files; allowed by external policy.
nguyen-ai-quoc-hoat-dong-chau-au-siam-1927-1929,"Nguyễn Ái Quốc hoạt động cách mạng ở Pháp, Bỉ, Đức, Xiêm",allowed_duplicate_report_only,duplicate_physical_hash,,,1,ae97b27b06a44eb49363f2c834d7406931eeb64fc077e522291dd988a570fce5,Duplicate image hash appears in 4 local files; allowed by external policy.
nguyen-ai-quoc-hoat-dong-lien-xo-1933,Nguyễn Ái Quốc hoạt động tại Liên Xô,allowed_duplicate_report_only,duplicate_physical_hash,,,1,ae97b27b06a44eb49363f2c834d7406931eeb64fc077e522291dd988a570fce5,Duplicate image hash appears in 4 local files; allowed by external policy.
nguyen-ai-quoc-hoat-dong-phap-1921-1923,Nguyễn Ái Quốc hoạt động ở Pháp,allowed_duplicate_report_only,duplicate_physical_hash,,,1,200a96d41711a157c83d0723813d8e1211cf746787cdb2afe2dd5ed786ba0ffd,Duplicate image hash appears in 5 local files; allowed by external policy.
nguyen-ai-quoc-roi-lien-xo-tro-lai-trung-quoc,Nguyễn Ái Quốc rời Liên Xô trở lại Trung Quốc,allowed_duplicate_report_only,duplicate_physical_hash,,,1,ae97b27b06a44eb49363f2c834d7406931eeb64fc077e522291dd988a570fce5,Duplicate image hash appears in 4 local files; allowed by external policy.
nguyen-ai-quoc-thanh-lap-hoi-lien-hiep-thuoc-dia-1921,Nguyễn Ái Quốc tham gia thành lập Hội Liên hiệp thuộc địa,allowed_duplicate_report_only,duplicate_physical_hash,,,1,200a96d41711a157c83d0723813d8e1211cf746787cdb2afe2dd5ed786ba0ffd,Duplicate image hash appears in 5 local files; allowed by external policy.
nguyen-ai-quoc-tro-ve-nuoc,Nguyễn Ái Quốc trở về nước,allowed_duplicate_report_only,duplicate_physical_hash,,,1,3e26a279d1a2fa7fa69f6e4e75e9c35670705ccbc273cbb04fcba711bab36c5a,Duplicate image hash appears in 4 local files; allowed by external policy.
nguyen-ai-quoc-tro-ve-nuoc,Nguyễn Ái Quốc trở về nước,allowed_duplicate_report_only,duplicate_physical_hash,,,2,edd3200b9a3556517b4206de3bbd78e95a49c4a46bd6b4b6a55312cefdc352ca,Duplicate image hash appears in 3 local files; allowed by external policy.
nguyen-hue-dung-chan-chieu-mo-binh-si,Nguyễn Huệ dừng chân chiêu mộ binh sĩ,allowed_duplicate_report_only,duplicate_physical_hash,,,2,57aa5d1405a737301e2b8209cbaa61b9472eee0422c3ade4e137d38b863797fd,Duplicate image hash appears in 2 local files; allowed by external policy.
nguyen-tat-thanh-ra-di-tim-duong-cuu-nuoc,Nguyễn Tất Thành ra đi tìm đường cứu nước,allowed_duplicate_report_only,duplicate_physical_hash,,,2,a03a15ee2daf662c10a09a2d1fb27c9893d3b08cedb6d3b72c1c39a47c252e60,Duplicate image hash appears in 9 local files; allowed by external policy.
nguyen-tat-thanh-ra-di-tim-duong-cuu-nuoc,Nguyễn Tất Thành ra đi tìm đường cứu nước,allowed_duplicate_report_only,duplicate_physical_hash,,,1,b6b0b35c4f2073b59cd078b352bdb3035b202515757956b57b564fbb9bbf54f9,Duplicate image hash appears in 2 local files; allowed by external policy.
nguyen-tat-thanh-roi-phan-thiet-vao-sai-gon,Nguyễn Tất Thành rời Phan Thiết vào Sài Gòn,allowed_duplicate_report_only,duplicate_physical_hash,,,1,b6b0b35c4f2073b59cd078b352bdb3035b202515757956b57b564fbb9bbf54f9,Duplicate image hash appears in 2 local files; allowed by external policy.
nguyen-tat-thanh-tham-gia-chong-thue-hue,Nguyễn Tất Thành tham gia phong trào chống thuế ở Huế,allowed_duplicate_report_only,duplicate_physical_hash,,,1,a03a15ee2daf662c10a09a2d1fb27c9893d3b08cedb6d3b72c1c39a47c252e60,Duplicate image hash appears in 9 local files; allowed by external policy.
nha-ly-su-dung-thi-cu-nho-hoc,Nhà Lý chính thức sử dụng chế độ thi cử Nho học,allowed_duplicate_report_only,duplicate_physical_hash,,,2,75297dbfbf1bba8492343a539afa45cddf45862e17fe67d3f9817bc7c82ab16b,Duplicate image hash appears in 3 local files; allowed by external policy.
nha-ly-to-chuc-khoa-thi-nho-hoc-dau-tien,Nhà Lý tổ chức khoa thi Nho học đầu tiên,allowed_duplicate_report_only,duplicate_physical_hash,,,2,75297dbfbf1bba8492343a539afa45cddf45862e17fe67d3f9817bc7c82ab16b,Duplicate image hash appears in 3 local files; allowed by external policy.
nha-ly-to-chuc-khoa-thi-nho-hoc-dau-tien,Nhà Lý tổ chức khoa thi Nho học đầu tiên,allowed_duplicate_report_only,duplicate_physical_hash,,,1,76432a77a53e7c3fba5c28909b0d6f5d4b62b188839667400e9ad2a59aeaf76f,Duplicate image hash appears in 2 local files; allowed by external policy.
nha-minh-xam-luoc-dai-ngu,Nhà Minh xâm lược Đại Ngu,allowed_duplicate_report_only,duplicate_physical_hash,,,1,48f861762c584f755ef179bfa48e32d330cc161c43e19667dfe00123ef4f83af,Duplicate image hash appears in 2 local files; allowed by external policy.
nho-giao-du-nhap-viet-nam,Nho giáo du nhập vào Việt Nam,allowed_duplicate_report_only,duplicate_physical_hash,,,2,72c7d0111c80e59835bdc5a28cedb0ed3017ff98f038b8314d9d97a28afe2fa0,Duplicate image hash appears in 4 local files; allowed by external policy.
phan-boi-chau-sang-nhat-ban-1905,Phan Bội Châu sang Nhật Bản,allowed_duplicate_report_only,duplicate_physical_hash,,,1,286951184bc8375b16ec8a0c217369fd19c7ef16e521026e160922a916560cdf,Duplicate image hash appears in 5 local files; allowed by external policy.
phan-boi-chau-ve-trung-quoc-1911,Phan Bội Châu về hoạt động ở Trung Quốc,allowed_duplicate_report_only,duplicate_physical_hash,,,1,286951184bc8375b16ec8a0c217369fd19c7ef16e521026e160922a916560cdf,Duplicate image hash appears in 5 local files; allowed by external policy.
phan-chau-trinh-sang-phap-1911,Phan Châu Trinh sang Pháp,allowed_duplicate_report_only,duplicate_physical_hash,,,1,1bfba1a681aa2a412fa5dc188663e66c8f209edac8184f95eb90b556f0d39da1,Duplicate image hash appears in 2 local files; allowed by external policy.
phap-chiem-sau-tinh-nam-ki,Pháp chiếm sáu tỉnh Nam Kì,allowed_duplicate_report_only,duplicate_physical_hash,,,1,7e4ed42bbb03ac141af1b3199808f1e48ebfe62ef050077dd11c8ef3f7f0d436,Duplicate image hash appears in 4 local files; allowed by external policy.
phap-cho-hai-quan-tru-dong-truong-sa,Pháp cho hải quân trú đóng ở các đảo chính thuộc quần đảo Trường Sa,allowed_duplicate_report_only,duplicate_physical_hash,,,1,c44d89b7c5ad085c7938fb68a5078b9d67ae758202ef14b209cb5b22d10fa1b9,Duplicate image hash appears in 4 local files; allowed by external policy.
phap-cho-hai-quan-tru-dong-truong-sa,Pháp cho hải quân trú đóng ở các đảo chính thuộc quần đảo Trường Sa,allowed_duplicate_report_only,duplicate_physical_hash,,,2,ce2b47535dc49e9dddfe3cf35ab594eb23711d2e1aeda7cf5e96b039d5b8636e,Duplicate image hash appears in 10 local files; allowed by external policy.
phap-danh-up-uy-ban-hanh-chinh-nam-bo-1945,Thực dân Pháp đánh úp trụ sở Uỷ ban hành chính Nam Bộ và cơ quan tự vệ thành phố Sài Gòn,allowed_duplicate_report_only,duplicate_physical_hash,,,2,ba2e34f1e066605d598ce54a32ce01b7714e87bf7c909cdd7d4e59525a39d7fb,Duplicate image hash appears in 3 local files; allowed by external policy.
phap-gui-cong-ham-phan-doi-nhat-ban-kiem-soat-truong-sa,Pháp gửi công hàm phản đối Nhật Bản kiểm soát một số đảo thuộc quần đảo Trường Sa,allowed_duplicate_report_only,duplicate_physical_hash,,,1,ce2b47535dc49e9dddfe3cf35ab594eb23711d2e1aeda7cf5e96b039d5b8636e,Duplicate image hash appears in 10 local files; allowed by external policy.
phap-xa-sung-sai-gon-cho-lon-1945,Quân Pháp xả súng vào đồng bào Sài Gòn – Chợ Lớn,allowed_duplicate_report_only,duplicate_physical_hash,,,1,ba2e34f1e066605d598ce54a32ce01b7714e87bf7c909cdd7d4e59525a39d7fb,Duplicate image hash appears in 3 local files; allowed by external policy.
phap-xam-luoc-viet-nam,Thực dân Pháp xâm lược và từng bước áp đặt ách cai trị ở Việt Nam,allowed_duplicate_report_only,duplicate_physical_hash,,,2,433c9e1e09d6d2961597ab936f2833838ee4e0f7ba68bd4299a4521cecb5238c,Duplicate image hash appears in 2 local files; allowed by external policy.
phap-xam-luoc-viet-nam,Thực dân Pháp xâm lược và từng bước áp đặt ách cai trị ở Việt Nam,allowed_duplicate_report_only,duplicate_physical_hash,,,1,7e4ed42bbb03ac141af1b3199808f1e48ebfe62ef050077dd11c8ef3f7f0d436,Duplicate image hash appears in 4 local files; allowed by external policy.
philippin-ban-hanh-sac-lenh-1596-tuyen-bo-chu-quyen-truong-sa,Phi-líp-pin ban hành Sắc lệnh 1596 tuyên bố chủ quyền đối với hầu hết các đảo thuộc quần đảo Trường Sa,allowed_duplicate_report_only,duplicate_physical_hash,,,2,9cda01061f566c8cb5206f64eace35c103e9fc4c44cfdd8e21f1cd733dd4c702,Duplicate image hash appears in 2 local files; allowed by external policy.
philippin-ban-hanh-sac-lenh-1596-tuyen-bo-chu-quyen-truong-sa,Phi-líp-pin ban hành Sắc lệnh 1596 tuyên bố chủ quyền đối với hầu hết các đảo thuộc quần đảo Trường Sa,allowed_duplicate_report_only,duplicate_physical_hash,,,1,c44d89b7c5ad085c7938fb68a5078b9d67ae758202ef14b209cb5b22d10fa1b9,Duplicate image hash appears in 4 local files; allowed by external policy.
philippin-chiem-dong-9-dao-truong-sa,Phi-líp-pin chiếm đóng 9 đảo thuộc quần đảo Trường Sa,allowed_duplicate_report_only,duplicate_physical_hash,,,2,ce2b47535dc49e9dddfe3cf35ab594eb23711d2e1aeda7cf5e96b039d5b8636e,Duplicate image hash appears in 10 local files; allowed by external policy.
philippin-tuyen-bo-quyen-khai-thac-lap-nghiep-truong-sa,"Phi-líp-pin tuyên bố có quyền khai thác, lập nghiệp tại nhóm đảo Trường Sa",allowed_duplicate_report_only,duplicate_physical_hash,,,2,9cda01061f566c8cb5206f64eace35c103e9fc4c44cfdd8e21f1cd733dd4c702,Duplicate image hash appears in 2 local files; allowed by external policy.
phong-trao-can-vuong,Phong trào Cần Vương,allowed_duplicate_report_only,duplicate_physical_hash,,,2,a52bb779f15df158bd7cb845e56427da9b1888a8a261255aac78fba3e4717516,Duplicate image hash appears in 2 local files; allowed by external policy.
phong-trao-can-vuong,Phong trào Cần Vương,allowed_duplicate_report_only,duplicate_physical_hash,,,1,bdb8c1e01902a71f9e9a4b7523f85153c336df47a30ec2e8aecda21e30b92ebd,Duplicate image hash appears in 2 local files; allowed by external policy.
phong-trao-chong-thuc-dan-phap-xam-luoc-o-viet-nam,Phong trào chống thực dân Pháp xâm lược ở Việt Nam,allowed_duplicate_report_only,duplicate_physical_hash,,,1,7e4ed42bbb03ac141af1b3199808f1e48ebfe62ef050077dd11c8ef3f7f0d436,Duplicate image hash appears in 4 local files; allowed by external policy.
phong-trao-dong-du,Phong trào Đông du,allowed_duplicate_report_only,duplicate_physical_hash,,,1,286951184bc8375b16ec8a0c217369fd19c7ef16e521026e160922a916560cdf,Duplicate image hash appears in 5 local files; allowed by external policy.
phong-trao-tay-son-bung-no,Phong trào Tây Sơn bùng nổ,allowed_duplicate_report_only,duplicate_physical_hash,,,1,57aa5d1405a737301e2b8209cbaa61b9472eee0422c3ade4e137d38b863797fd,Duplicate image hash appears in 2 local files; allowed by external policy.
quan-giai-phong-mien-nam-viet-nam-tiep-quan-truong-sa,Quân giải phóng miền Nam Việt Nam tiếp quản các đảo và triển khai lực lượng thực thi chủ quyền đối với quần đảo Trường Sa,allowed_duplicate_report_only,duplicate_physical_hash,,,2,ce2b47535dc49e9dddfe3cf35ab594eb23711d2e1aeda7cf5e96b039d5b8636e,Duplicate image hash appears in 10 local files; allowed by external policy.
quan-giai-phong-mien-nam-viet-nam-tiep-quan-truong-sa,Quân giải phóng miền Nam Việt Nam tiếp quản các đảo và triển khai lực lượng thực thi chủ quyền đối với quần đảo Trường Sa,allowed_duplicate_report_only,duplicate_physical_hash,,,1,e0c08b4e62be45a1c9f9c86011136b68f16f8b06c45af880df94f20fd9b40646,Duplicate image hash appears in 3 local files; allowed by external policy.
quan-he-viet-nam-my-doi-tac-chien-luoc-toan-dien,Quan hệ Việt Nam - Mỹ lên tầm đối tác chiến lược toàn diện,allowed_duplicate_report_only,duplicate_physical_hash,,,1,e54a4f3d5262565e67defd28bcf6894de882d3a8e35cfdb67a2c46fea992ce9b,Duplicate image hash appears in 3 local files; allowed by external policy.
quan-li-hanh-chinh-chinh-quyen-sai-gon-hoang-sa-truong-sa,Quản lí hành chính của chính quyền Sài Gòn đối với quần đảo Hoàng Sa và quần đảo Trường Sa,allowed_duplicate_report_only,duplicate_physical_hash,,,1,ce2b47535dc49e9dddfe3cf35ab594eb23711d2e1aeda7cf5e96b039d5b8636e,Duplicate image hash appears in 10 local files; allowed by external policy.
quan-li-hanh-chinh-chinh-quyen-sai-gon-hoang-sa-truong-sa,Quản lí hành chính của chính quyền Sài Gòn đối với quần đảo Hoàng Sa và quần đảo Trường Sa,allowed_duplicate_report_only,duplicate_physical_hash,,,2,e31d6a28b76e1e52bb3f8430fea0c2233327b9f63cc5481825f49a3e55ebb645,Duplicate image hash appears in 2 local files; allowed by external policy.
quoc-hoi-khoa-vi-doi-ten-sai-gon-thanh-thanh-pho-ho-chi-minh,Quốc hội khoá VI quyết định đổi tên Sài Gòn thành Thành phố Hồ Chí Minh,allowed_duplicate_report_only,duplicate_physical_hash,,,1,c7b33acbacbab581acb1721bcf3f74f44aec1c039ad8fd090377ef8e4c7a2959,Duplicate image hash appears in 2 local files; allowed by external policy.
quoc-hoi-thong-qua-luat-cai-cach-ruong-dat-1953,Quốc hội thông qua Luật Cải cách ruộng đất và quyết định tiến hành cải cách ruộng đất,allowed_duplicate_report_only,duplicate_physical_hash,,,1,15bc236a2870c365d04c8e61adcde1ab21eda2fce9fd068e80391ed07ec3253e,Duplicate image hash appears in 2 local files; allowed by external policy.
su-ra-doi-cua-ba-to-chuc-cong-san-viet-nam,Sự ra đời của ba tổ chức cộng sản ở Việt Nam,allowed_duplicate_report_only,duplicate_physical_hash,,,1,35305cf622ec5c88d90b9a3475a964bf94dc630e69ce98a19b72228655610d00,Duplicate image hash appears in 6 local files; allowed by external policy.
tan-cong-champa-dai-viet-cuoi-tk14,Các cuộc tấn công của Chăm-pa vào Đại Việt,allowed_duplicate_report_only,duplicate_physical_hash,,,1,63788b13ca653804e4b56b590e09aafcef71132fec7da375641c68d38706927a,Duplicate image hash appears in 3 local files; allowed by external policy.
thanh-lap-hoi-lien-hiep-cac-dan-toc-bi-ap-buc-a-dong-1925,Nguyễn Ái Quốc tham gia thành lập Hội Liên hiệp các dân tộc bị áp bức ở Á Đông,allowed_duplicate_report_only,duplicate_physical_hash,,,1,ae97b27b06a44eb49363f2c834d7406931eeb64fc077e522291dd988a570fce5,Duplicate image hash appears in 4 local files; allowed by external policy.
thanh-lap-lien-minh-dong-a-1908,Thành lập Điền – Quế -Việt liên minh và Đông Á đồng minh,allowed_duplicate_report_only,duplicate_physical_hash,,,1,286951184bc8375b16ec8a0c217369fd19c7ef16e521026e160922a916560cdf,Duplicate image hash appears in 5 local files; allowed by external policy.
thanh-lap-lien-minh-nhan-dan-viet-mien-lao,Thành lập Liên minh nhân dân Việt – Miên - Lào,allowed_duplicate_report_only,duplicate_physical_hash,,,2,f5359777e15d84ea14bc38e2c08bac757125758a7a3da768012a7015f917a055,Duplicate image hash appears in 5 local files; allowed by external policy.
thanh-lap-mat-tran-dan-toc-giai-phong-mien-nam-viet-nam,Thành lập Mặt trận Dân tộc giải phóng miền Nam Việt Nam,allowed_duplicate_report_only,duplicate_physical_hash,,,2,baa4c4f19449fb9e9d5365ef0e9a1b0c06b790bf23daf9b54cc1b502b04dfa77,Duplicate image hash appears in 3 local files; allowed by external policy.
thanh-lap-mat-tran-dan-toc-thong-nhat-viet-nam-1930,Thành lập Mặt trận Dân tộc Thống nhất Việt Nam (Hội Phản đế Đồng minh),allowed_duplicate_report_only,duplicate_physical_hash,,,2,35305cf622ec5c88d90b9a3475a964bf94dc630e69ce98a19b72228655610d00,Duplicate image hash appears in 6 local files; allowed by external policy.
thanh-lap-mat-tran-dan-toc-thong-nhat-viet-nam-1930,Thành lập Mặt trận Dân tộc Thống nhất Việt Nam (Hội Phản đế Đồng minh),allowed_duplicate_report_only,duplicate_physical_hash,,,1,f5359777e15d84ea14bc38e2c08bac757125758a7a3da768012a7015f917a055,Duplicate image hash appears in 5 local files; allowed by external policy.
thanh-lap-mat-tran-viet-nam-doc-lap-dong-minh-viet-minh,Thành lập Mặt trận Việt Nam Độc lập Đồng minh (Mặt trận Việt Minh),allowed_duplicate_report_only,duplicate_physical_hash,,,2,3e26a279d1a2fa7fa69f6e4e75e9c35670705ccbc273cbb04fcba711bab36c5a,Duplicate image hash appears in 4 local files; allowed by external policy.
thanh-lap-mat-tran-viet-nam-doc-lap-dong-minh-viet-minh,Thành lập Mặt trận Việt Nam Độc lập Đồng minh (Mặt trận Việt Minh),allowed_duplicate_report_only,duplicate_physical_hash,,,1,f5359777e15d84ea14bc38e2c08bac757125758a7a3da768012a7015f917a055,Duplicate image hash appears in 5 local files; allowed by external policy.
thanh-lap-tieu-doi-du-kich-thoat-li-dau-tien-o-cao-bang,Thành lập Tiểu đội du kích thoát li đầu tiên ở Cao Bằng,allowed_duplicate_report_only,duplicate_physical_hash,,,1,3e26a279d1a2fa7fa69f6e4e75e9c35670705ccbc273cbb04fcba711bab36c5a,Duplicate image hash appears in 4 local files; allowed by external policy.
thanh-lap-uy-ban-khang-chien-nam-bo-1945,Thành lập Uỷ ban kháng chiến Nam Bộ,allowed_duplicate_report_only,duplicate_physical_hash,,,1,ba2e34f1e066605d598ce54a32ce01b7714e87bf7c909cdd7d4e59525a39d7fb,Duplicate image hash appears in 3 local files; allowed by external policy.
thoi-gia-long-tri-vi,Thời Gia Long trị vì,allowed_duplicate_report_only,duplicate_physical_hash,,,1,cef9f21aad2c3ba5e39d4f552a8124bcfbabd8ed6f1e0863b05ef5d4e3b83ffa,Duplicate image hash appears in 2 local files; allowed by external policy.
thoi-tran-dat-chuc-xa-quan,Thời Trần đặt chức xã quan,hard_blocked_duplicate_report_only,duplicate_physical_hash,,,1,199af608aec4a019e672a3e70c045175d99b8bbf4f513c6f17bc66ff1ae90acb,Duplicate image hash appears in 2 local files; allowed by external policy.
thuc-hien-thong-nhat-dat-nuoc-viet-nam,Thực hiện thống nhất đất nước Việt Nam,allowed_duplicate_report_only,duplicate_physical_hash,,,2,72c7d0111c80e59835bdc5a28cedb0ed3017ff98f038b8314d9d97a28afe2fa0,Duplicate image hash appears in 4 local files; allowed by external policy.
thuc-hien-thong-nhat-dat-nuoc-viet-nam,Thực hiện thống nhất đất nước Việt Nam,allowed_duplicate_report_only,duplicate_physical_hash,,,1,e54a4f3d5262565e67defd28bcf6894de882d3a8e35cfdb67a2c46fea992ce9b,Duplicate image hash appears in 3 local files; allowed by external policy.
tong-khoi-nghia-gianh-chinh-quyen,Tổng khởi nghĩa giành chính quyền thắng lợi,allowed_duplicate_report_only,duplicate_physical_hash,,,1,1088752ab38488572b462617d90061a7ea64f415f4e126db27351c3154e7971a,Duplicate image hash appears in 4 local files; allowed by external policy.
trieu-nguyen-thanh-lap,Triều Nguyễn được thành lập,allowed_duplicate_report_only,duplicate_physical_hash,,,1,cef9f21aad2c3ba5e39d4f552a8124bcfbabd8ed6f1e0863b05ef5d4e3b83ffa,Duplicate image hash appears in 2 local files; allowed by external policy.
trung-quoc-danh-chiem-da-vanh-khan,Trung Quốc đánh chiếm đá Vành Khăn,allowed_duplicate_report_only,duplicate_physical_hash,,,2,e0c08b4e62be45a1c9f9c86011136b68f16f8b06c45af880df94f20fd9b40646,Duplicate image hash appears in 3 local files; allowed by external policy.
trung-quoc-tu-choi-boi-thuong-vu-tau-dam-hoang-sa,Trung Quốc từ chối bồi thường vụ tàu đắm ở Hoàng Sa,allowed_duplicate_report_only,duplicate_physical_hash,,,1,f08e74f3321567cab211c362ce2b406bbf49a11491e0a25a0d4dd1f92d8f6b77,Duplicate image hash appears in 4 local files; allowed by external policy.
viet-nam-1919-1945,Việt Nam từ năm 1919 đến năm 1945,allowed_duplicate_report_only,duplicate_physical_hash,,,1,8bfdbb22ebc74e5300e7cbb925724907229bfb08a90c12fe343eeed0266418c9,Duplicate image hash appears in 3 local files; allowed by external policy.
viet-nam-1919-1945,Việt Nam từ năm 1919 đến năm 1945,allowed_duplicate_report_only,duplicate_physical_hash,,,2,a03a15ee2daf662c10a09a2d1fb27c9893d3b08cedb6d3b72c1c39a47c252e60,Duplicate image hash appears in 9 local files; allowed by external policy.
viet-nam-1945-1954,Việt Nam từ năm 1945 đến năm 1954,allowed_duplicate_report_only,duplicate_physical_hash,,,2,8bfdbb22ebc74e5300e7cbb925724907229bfb08a90c12fe343eeed0266418c9,Duplicate image hash appears in 3 local files; allowed by external policy.
viet-nam-1945-1954,Việt Nam từ năm 1945 đến năm 1954,allowed_duplicate_report_only,duplicate_physical_hash,,,1,c61b54693d5ab1b108391c4eb588912ec0f5a954216249116b3f44407fcdd284,Duplicate image hash appears in 11 local files; allowed by external policy.
viet-nam-1975-den-nay,Việt Nam từ năm 1975 đến nay,allowed_duplicate_report_only,duplicate_physical_hash,,,1,2b6acaeef473b4cf4b0b85551dd4957efd158062c94f43d2de92ae70451e1df8,Duplicate image hash appears in 4 local files; allowed by external policy.
viet-nam-1975-den-nay,Việt Nam từ năm 1975 đến nay,allowed_duplicate_report_only,duplicate_physical_hash,,,2,4b3bee647dd396b68b614fbe9cd2897788f0e6a3deb8d5b57dd6d49258f44ce1,Duplicate image hash appears in 2 local files; allowed by external policy.
viet-nam-ban-hanh-tuyen-bo-vung-bien-them-luc-dia,Việt Nam ban hành Tuyên bố về các vùng biển và thềm lục địa Việt Nam,hard_blocked_duplicate_report_only,duplicate_physical_hash,,,2,bd95951ef6e6c6f681211ef3553d492cd8d3eca5262865dfffb0d52c2ca9074e,Duplicate image hash appears in 3 local files; allowed by external policy.
viet-nam-ban-hanh-tuyen-bo-vung-bien-them-luc-dia,Việt Nam ban hành Tuyên bố về các vùng biển và thềm lục địa Việt Nam,hard_blocked_duplicate_report_only,duplicate_physical_hash,,,1,ce2b47535dc49e9dddfe3cf35ab594eb23711d2e1aeda7cf5e96b039d5b8636e,Duplicate image hash appears in 10 local files; allowed by external policy.
viet-nam-binh-thuong-hoa-quan-he-trung-quoc,Việt Nam bình thường hoá quan hệ với Trung Quốc,allowed_duplicate_report_only,duplicate_physical_hash,,,2,d3388260b74351930faf7a48399ea3c45cf5bd62fd1f69e9e44e534a4f9af69f,Duplicate image hash appears in 2 local files; allowed by external policy.
viet-nam-binh-thuong-hoa-quan-he-trung-quoc,Việt Nam bình thường hoá quan hệ với Trung Quốc,allowed_duplicate_report_only,duplicate_physical_hash,,,1,f90a3c0ddece93f8aced8f2996b78d9b4743d27d2d8f57b45b291c4519155801,Duplicate image hash appears in 3 local files; allowed by external policy.
viet-nam-danh-chiem-nua-phia-dong-hoang-sa,Việt Nam (chính quyền Sài Gòn) đánh chiếm nửa phía đông của quần đảo Hoàng Sa (nhóm An Vĩnh),hard_blocked_duplicate_report_only,duplicate_physical_hash,,,2,c44d89b7c5ad085c7938fb68a5078b9d67ae758202ef14b209cb5b22d10fa1b9,Duplicate image hash appears in 4 local files; allowed by external policy.
viet-nam-danh-chiem-nua-phia-dong-hoang-sa,Việt Nam (chính quyền Sài Gòn) đánh chiếm nửa phía đông của quần đảo Hoàng Sa (nhóm An Vĩnh),hard_blocked_duplicate_report_only,duplicate_physical_hash,,,1,e31d6a28b76e1e52bb3f8430fea0c2233327b9f63cc5481825f49a3e55ebb645,Duplicate image hash appears in 2 local files; allowed by external policy.
viet-nam-de-nghi-lien-hop-quoc-cong-nhan-vndcch,Việt Nam đề nghị Liên hợp quốc và các nước lớn công nhận Nhà nước Việt Nam Dân chủ Cộng hoà,allowed_duplicate_report_only,duplicate_physical_hash,,,1,c61b54693d5ab1b108391c4eb588912ec0f5a954216249116b3f44407fcdd284,Duplicate image hash appears in 11 local files; allowed by external policy.
viet-nam-gia-nhap-sev,Việt Nam gia nhập Hội đồng tương trợ kinh tế (SEV),allowed_duplicate_report_only,duplicate_physical_hash,,,1,72c7d0111c80e59835bdc5a28cedb0ed3017ff98f038b8314d9d97a28afe2fa0,Duplicate image hash appears in 4 local files; allowed by external policy.
viet-nam-lao-cam-pu-chia-chuyen-sang-kinh-te-thi-truong-va-cong-nghiep-hoa,"Việt Nam, Lào, Cam-pu-chia chuyển sang kinh tế thị trường và công nghiệp hóa",allowed_duplicate_report_only,duplicate_physical_hash,,,1,2b6acaeef473b4cf4b0b85551dd4957efd158062c94f43d2de92ae70451e1df8,Duplicate image hash appears in 4 local files; allowed by external policy.
viet-nam-tam-thoi-bi-chia-cat-hai-mien,Việt Nam tạm thời bị chia cắt làm hai miền,allowed_duplicate_report_only,duplicate_physical_hash,,,1,87a5fc6f13f0e2fd0a283f66e14e274eb4bc7af30fd5d68e1004cd583e5d4861,Duplicate image hash appears in 2 local files; allowed by external policy.
viet-nam-thanh-vien-lien-hop-quoc,Việt Nam trở thành thành viên chính thức của Liên hợp quốc,allowed_duplicate_report_only,duplicate_physical_hash,,,1,4b3bee647dd396b68b614fbe9cd2897788f0e6a3deb8d5b57dd6d49258f44ce1,Duplicate image hash appears in 2 local files; allowed by external policy.
viet-nam-the-hien-thien-chi-hoa-binh-sau-12-1946,Việt Nam thể hiện thiện chí hoà bình sau khi kháng chiến bùng nổ,allowed_duplicate_report_only,duplicate_physical_hash,,,2,b56750e769f7a287ea04191679b831c017832e5305c873bf6446e88257dc19be,Duplicate image hash appears in 2 local files; allowed by external policy.
viet-nam-tu-the-ki-x-den-xv,Việt Nam từ thế kỉ X đến thế kỉ XV,allowed_duplicate_report_only,duplicate_physical_hash,,,1,0dd79b24455fc4bb6cb38a6fc210672458389d8b4a82a4c8f86ca70ba4b82def,Duplicate image hash appears in 2 local files; allowed by external policy.
vndcch-can-bang-quan-he-voi-lien-xo-trung-quoc-va-van-dong-vien-tro,"Việt Nam Dân chủ Cộng hoà cân bằng quan hệ với Liên Xô, Trung Quốc và vận động viện trợ",allowed_duplicate_report_only,duplicate_physical_hash,,,1,75c0425d590c6f5e335e414a9b51ac437bf3211c3e5f3e92758086cad6eddf61,Duplicate image hash appears in 2 local files; allowed by external policy.
vndcch-can-bang-quan-he-voi-lien-xo-trung-quoc-va-van-dong-vien-tro,"Việt Nam Dân chủ Cộng hoà cân bằng quan hệ với Liên Xô, Trung Quốc và vận động viện trợ",allowed_duplicate_report_only,duplicate_physical_hash,,,2,f90a3c0ddece93f8aced8f2996b78d9b4743d27d2d8f57b45b291c4519155801,Duplicate image hash appears in 3 local files; allowed by external policy.
vndcch-dau-tranh-doi-thi-hanh-hiep-dinh-gio-ne-vo,Việt Nam Dân chủ Cộng hoà đấu tranh đòi thi hành Hiệp định Giơ-ne-vơ,allowed_duplicate_report_only,duplicate_physical_hash,,,1,87a5fc6f13f0e2fd0a283f66e14e274eb4bc7af30fd5d68e1004cd583e5d4861,Duplicate image hash appears in 2 local files; allowed by external policy.
vndcch-thiet-lap-quan-he-ngoai-giao-voi-cac-nuoc-xhcn,"Việt Nam Dân chủ Cộng hoà thiết lập quan hệ ngoại giao với Cộng hoà Nhân dân Trung Hoa, Liên Xô và các nước xã hội chủ nghĩa khác",allowed_duplicate_report_only,duplicate_physical_hash,,,1,d3388260b74351930faf7a48399ea3c45cf5bd62fd1f69e9e44e534a4f9af69f,Duplicate image hash appears in 2 local files; allowed by external policy.
vndcch-thiet-lap-quan-he-ngoai-giao-voi-cac-nuoc-xhcn,"Việt Nam Dân chủ Cộng hoà thiết lập quan hệ ngoại giao với Cộng hoà Nhân dân Trung Hoa, Liên Xô và các nước xã hội chủ nghĩa khác",allowed_duplicate_report_only,duplicate_physical_hash,,,2,f90a3c0ddece93f8aced8f2996b78d9b4743d27d2d8f57b45b291c4519155801,Duplicate image hash appears in 3 local files; allowed by external policy.
vuong-thuc-mau-khoi-nghia-can-vuong,Vương Thúc Mậu khởi nghĩa hưởng ứng Dụ Cần vương,allowed_duplicate_report_only,duplicate_physical_hash,,,2,a52bb779f15df158bd7cb845e56427da9b1888a8a261255aac78fba3e4717516,Duplicate image hash appears in 2 local files; allowed by external policy.
vuong-thuc-mau-khoi-nghia-can-vuong,Vương Thúc Mậu khởi nghĩa hưởng ứng Dụ Cần vương,allowed_duplicate_report_only,duplicate_physical_hash,,,1,bdb8c1e01902a71f9e9a4b7523f85153c336df47a30ec2e8aecda21e30b92ebd,Duplicate image hash appears in 2 local files; allowed by external policy.
xa-lan-dau-tien-xuat-hien,Xã lần đầu tiên xuất hiện,allowed_duplicate_report_only,duplicate_physical_hash,,,1,ae63352169def380becccc0a5160d005ef04b91161b0f1c91abf539739ddf295,Duplicate image hash appears in 4 local files; allowed by external policy.
xa-tro-thanh-ten-goi-pho-bien,Xã chính thức trở thành tên gọi phổ biến,hard_blocked_duplicate_report_only,duplicate_physical_hash,,,1,199af608aec4a019e672a3e70c045175d99b8bbf4f513c6f17bc66ff1ae90acb,Duplicate image hash appears in 2 local files; allowed by external policy.
