eventId,slug,geoType,code,targetIndex,gadmRef,detail
viet-nam-thoi-dung-nuoc,viet-nam-thoi-dung-nuoc,nationwide,UNSUPPORTED_NATIONWIDE,,,
bac-thuoc-va-dau-tranh-gianh-doc-lap,bac-thuoc-va-dau-tranh-gianh-doc-lap,nationwide,UNSUPPORTED_NATIONWIDE,,,
viet-nam-tu-the-ki-x-den-xv,viet-nam-tu-the-ki-x-den-xv,nationwide,UNSUPPORTED_NATIONWIDE,,,
viet-nam-tu-the-ki-xvi-den-xix,viet-nam-tu-the-ki-xvi-den-xix,nationwide,UNSUPPORTED_NATIONWIDE,,,
viet-nam-1858-1918,viet-nam-1858-1918,nationwide,UNSUPPORTED_NATIONWIDE,,,
viet-nam-1919-1945,viet-nam-1919-1945,nationwide,UNSUPPORTED_NATIONWIDE,,,
viet-nam-1945-1954,viet-nam-1945-1954,nationwide,UNSUPPORTED_NATIONWIDE,,,
viet-nam-1954-1975,viet-nam-1954-1975,nationwide,UNSUPPORTED_NATIONWIDE,,,
viet-nam-1975-den-nay,viet-nam-1975-den-nay,nationwide,UNSUPPORTED_NATIONWIDE,,,
van-hoa-sa-huynh,van-hoa-sa-huynh,mixed,DUPLICATE_COORDINATE,0,,markers
su-ra-doi-nha-nuoc-au-lac,su-ra-doi-nha-nuoc-au-lac,mixed,DUPLICATE_COORDINATE,0,,markers
khang-chien-chong-quan-trieu-an-duong-vuong,khang-chien-chong-quan-trieu-an-duong-vuong,mixed,DUPLICATE_COORDINATE,0,,markers
khoi-nghia-hai-ba-trung,khoi-nghia-hai-ba-trung,mixed,DUPLICATE_COORDINATE,0,,markers
hinh-thanh-phat-trien-van-minh-cham-pa,hinh-thanh-phat-trien-van-minh-cham-pa,mixed,DUPLICATE_COORDINATE,0,,markers
khoi-nghia-khu-lien-lap-nuoc-lam-ap,khoi-nghia-khu-lien-lap-nuoc-lam-ap,mixed,DUPLICATE_COORDINATE,0,,markers
phu-nam-tro-thanh-vuong-quoc-hung-manh,phu-nam-tro-thanh-vuong-quoc-hung-manh,no_location,UNSUPPORTED_NO_LOCATION,,,
khoi-nghia-ba-trieu,khoi-nghia-ba-trieu,mixed,DUPLICATE_COORDINATE,0,,markers
khoi-nghia-ly-bi-trieu-quang-phuc,khoi-nghia-ly-bi-trieu-quang-phuc,no_location,UNSUPPORTED_NO_LOCATION,,,
xa-lan-dau-tien-xuat-hien,xa-lan-dau-tien-xuat-hien,no_location,UNSUPPORTED_NO_LOCATION,,,
mai-thuc-loan-khoi-nghia,mai-thuc-loan-khoi-nghia,mixed,DUPLICATE_COORDINATE,0,,markers
khoi-nghia-mai-thuc-loan,khoi-nghia-mai-thuc-loan,mixed,DUPLICATE_COORDINATE,0,,markers
khoi-nghia-phung-hung,khoi-nghia-phung-hung,no_location,UNSUPPORTED_NO_LOCATION,,,
ho-khuc-to-chuc-lai-lang-xa-the-ki-x,ho-khuc-to-chuc-lai-lang-xa-the-ki-x,no_location,UNSUPPORTED_NO_LOCATION,,,
khoi-nghia-khuc-thua-du,khoi-nghia-khuc-thua-du,mixed,DUPLICATE_COORDINATE,0,,markers
chien-thang-bach-dang-938,chien-thang-bach-dang-938,mixed,DUPLICATE_COORDINATE,0,,markers
ngo-quyen-xung-vuong-co-loa,ngo-quyen-xung-vuong-co-loa,mixed,DUPLICATE_COORDINATE,0,,markers
khang-chien-chong-quan-tong-981,khang-chien-chong-quan-tong-981,mixed,DUPLICATE_COORDINATE,0,,markers
doi-do-ly-cong-uan,doi-do-ly-cong-uan,no_location,UNSUPPORTED_NO_LOCATION,,,
ly-thai-to-doi-do-thang-long,ly-thai-to-doi-do-thang-long,mixed,DUPLICATE_COORDINATE,0,,markers
ly-thai-to-doi-do-thang-long,ly-thai-to-doi-do-thang-long,mixed,DUPLICATE_COORDINATE_DIFFERENT_LABEL,1,,markers
ly-thanh-tong-dung-van-mieu,ly-thanh-tong-dung-van-mieu,mixed,DUPLICATE_COORDINATE,0,,markers
khang-chien-chong-quan-tong-1075-1077,khang-chien-chong-quan-tong-1075-1077,mixed,DUPLICATE_COORDINATE,0,,markers
ly-thuong-kiet-tap-kich-kham-chau-liem-chau-ung-chau,ly-thuong-kiet-tap-kich-kham-chau-liem-chau-ung-chau,no_location,UNSUPPORTED_NO_LOCATION,,,
ly-nhan-tong-lap-quoc-tu-giam,ly-nhan-tong-lap-quoc-tu-giam,mixed,DUPLICATE_COORDINATE,0,,markers
ga-cong-chua-thieu-dung-duong-tu-minh-1144,ga-cong-chua-thieu-dung-duong-tu-minh-1144,mixed,DUPLICATE_COORDINATE,0,,markers
nha-ly-thanh-lap-trang-van-don,nha-ly-thanh-lap-trang-van-don,mixed,DUPLICATE_COORDINATE,0,,markers
cai-cach-tran-thu-do,cai-cach-tran-thu-do,no_location,UNSUPPORTED_NO_LOCATION,,,
khang-chien-chong-quan-mong-co-1258,khang-chien-chong-quan-mong-co-1258,mixed,DUPLICATE_COORDINATE,0,,markers
khang-chien-chong-quan-mong-co-1258,khang-chien-chong-quan-mong-co-1258,mixed,DUPLICATE_COORDINATE_DIFFERENT_LABEL,3,,markers
hoi-nghi-binh-than,hoi-nghi-binh-than,mixed,DUPLICATE_COORDINATE,0,,markers
hoi-nghi-dien-hong,hoi-nghi-dien-hong,mixed,DUPLICATE_COORDINATE,0,,markers
khang-chien-chong-quan-nguyen-1285,khang-chien-chong-quan-nguyen-1285,mixed,DUPLICATE_COORDINATE,0,,markers
khang-chien-chong-quan-nguyen-1285,khang-chien-chong-quan-nguyen-1285,mixed,DUPLICATE_COORDINATE_DIFFERENT_LABEL,3,,markers
khang-chien-chong-quan-nguyen-1285,khang-chien-chong-quan-nguyen-1285,mixed,DUPLICATE_COORDINATE_DIFFERENT_LABEL,4,,markers
khang-chien-chong-quan-nguyen-1285,khang-chien-chong-quan-nguyen-1285,mixed,DUPLICATE_COORDINATE_DIFFERENT_LABEL,5,,markers
khang-chien-chong-quan-nguyen-1287-1288,khang-chien-chong-quan-nguyen-1287-1288,mixed,DUPLICATE_COORDINATE,0,,markers
khung-hoang-cuoi-trieu-tran,khung-hoang-cuoi-trieu-tran,no_location,UNSUPPORTED_NO_LOCATION,,,
cai-cach-ho-quy-ly-trieu-ho,cai-cach-ho-quy-ly-trieu-ho,mixed,DUPLICATE_COORDINATE,0,,markers
phat-hanh-tien-giay-thong-bao-hoi-sao,phat-hanh-tien-giay-thong-bao-hoi-sao,no_location,UNSUPPORTED_NO_LOCATION,,,
ban-hanh-chinh-sach-han-dien,ban-hanh-chinh-sach-han-dien,no_location,UNSUPPORTED_NO_LOCATION,,,
ho-quy-ly-doi-do-thanh-hoa,ho-quy-ly-doi-do-thanh-hoa,mixed,DUPLICATE_COORDINATE,0,,markers
ho-quy-ly-lap-trieu-ho,ho-quy-ly-lap-trieu-ho,no_location,UNSUPPORTED_NO_LOCATION,,,
ban-hanh-chinh-sach-han-no,ban-hanh-chinh-sach-han-no,no_location,UNSUPPORTED_NO_LOCATION,,,
le-loi-xay-thanh-luc-nien,le-loi-xay-thanh-luc-nien,mixed,DUPLICATE_COORDINATE,0,,markers
khang-chien-chong-quan-minh-nha-ho,khang-chien-chong-quan-minh-nha-ho,mixed,DUPLICATE_COORDINATE,0,,markers
khang-chien-chong-quan-minh-nha-ho,khang-chien-chong-quan-minh-nha-ho,mixed,DUPLICATE_COORDINATE_DIFFERENT_LABEL,4,,markers
khang-chien-chong-quan-minh-nha-ho,khang-chien-chong-quan-minh-nha-ho,mixed,DUPLICATE_COORDINATE_DIFFERENT_LABEL,5,,markers
nha-minh-thong-tri-huy-diet-van-minh-dai-viet,nha-minh-thong-tri-huy-diet-van-minh-dai-viet,no_location,UNSUPPORTED_NO_LOCATION,,,
hoi-the-lung-nhai,hoi-the-lung-nhai,mixed,DUPLICATE_COORDINATE,0,,markers
khoi-nghia-lam-son,khoi-nghia-lam-son,mixed,DUPLICATE_COORDINATE,0,,markers
khoi-nghia-lam-son,khoi-nghia-lam-son,mixed,DUPLICATE_COORDINATE_DIFFERENT_LABEL,4,,markers
khoi-nghia-lam-son,khoi-nghia-lam-son,mixed,DUPLICATE_COORDINATE_DIFFERENT_LABEL,6,,markers
hoi-the-dong-quan,hoi-the-dong-quan,mixed,DUPLICATE_COORDINATE,0,,markers
hoi-the-dong-quan,hoi-the-dong-quan,mixed,DUPLICATE_COORDINATE_DIFFERENT_LABEL,1,,markers
hoi-the-dong-quan,hoi-the-dong-quan,mixed,DUPLICATE_COORDINATE_DIFFERENT_LABEL,2,,markers
nha-le-so-thanh-lap,nha-le-so-thanh-lap,no_location,UNSUPPORTED_NO_LOCATION,,,
le-nghi-dan-dat-luc-bo,le-nghi-dan-dat-luc-bo,no_location,UNSUPPORTED_NO_LOCATION,,,
le-thanh-tong-dua-luc-bo-thanh-co-quan-quyen-luc,le-thanh-tong-dua-luc-bo-thanh-co-quan-quyen-luc,no_location,UNSUPPORTED_NO_LOCATION,,,
cai-to-hanh-chinh-dia-phuong-12-thua-tuyen,cai-to-hanh-chinh-dia-phuong-12-thua-tuyen,mixed,DUPLICATE_COORDINATE,0,,markers
cai-to-he-thong-quan-doi-le-thanh-tong,cai-to-he-thong-quan-doi-le-thanh-tong,no_location,UNSUPPORTED_NO_LOCATION,,,
dat-them-thua-tuyen-quang-nam,dat-them-thua-tuyen-quang-nam,mixed,DUPLICATE_COORDINATE,0,,markers
ban-hanh-chinh-sach-loc-dien-quan-dien,ban-hanh-chinh-sach-loc-dien-quan-dien,no_location,UNSUPPORTED_NO_LOCATION,,,
ban-hanh-quoc-trieu-hinh-luat,ban-hanh-quoc-trieu-hinh-luat,no_location,UNSUPPORTED_NO_LOCATION,,,
le-thanh-tong-dung-bia-tien-si-van-mieu,le-thanh-tong-dung-bia-tien-si-van-mieu,mixed,DUPLICATE_COORDINATE,0,,markers
chu-quyen-bien-dao-viet-nam-tu-the-ki-xvi-den-xix,chu-quyen-bien-dao-viet-nam-tu-the-ki-xvi-den-xix,nationwide,UNSUPPORTED_NATIONWIDE,,,
nha-mac-thanh-lap,nha-mac-thanh-lap,no_location,UNSUPPORTED_NO_LOCATION,,,
giao-si-phuong-tay-truyen-dao-cong-giao,giao-si-phuong-tay-truyen-dao-cong-giao,mixed,DUPLICATE_COORDINATE,0,,markers
phuc-nghia-hau-gui-thu-nhat-ban,phuc-nghia-hau-gui-thu-nhat-ban,no_location,UNSUPPORTED_NO_LOCATION,,,
thanh-lap-va-hoat-dong-doi-dan-binh-hoang-sa-bac-hai,thanh-lap-va-hoat-dong-doi-dan-binh-hoang-sa-bac-hai,mixed,DUPLICATE_COORDINATE,0,,markers
giang-van-minh-di-su-nha-minh,giang-van-minh-di-su-nha-minh,no_location,UNSUPPORTED_NO_LOCATION,,,
nguyen-hue-dung-chan-chieu-mo-binh-si,nguyen-hue-dung-chan-chieu-mo-binh-si,mixed,DUPLICATE_COORDINATE,0,,markers
phong-trao-tay-son-bung-no,phong-trao-tay-son-bung-no,no_location,UNSUPPORTED_NO_LOCATION,,,
phong-trao-tay-son,phong-trao-tay-son,mixed,DUPLICATE_COORDINATE,0,,markers
khang-chien-chong-quan-xiem-1784-1785,khang-chien-chong-quan-xiem-1784-1785,mixed,DUPLICATE_COORDINATE,0,,markers
khang-chien-chong-quan-thanh-1789,khang-chien-chong-quan-thanh-1789,mixed,DUPLICATE_COORDINATE,0,,markers
khang-chien-chong-quan-thanh-1789,khang-chien-chong-quan-thanh-1789,mixed,DUPLICATE_COORDINATE_DIFFERENT_LABEL,2,,markers
thanh-lap-lang-xa-huyen-tien-hai-thai-binh,thanh-lap-lang-xa-huyen-tien-hai-thai-binh,mixed,DUPLICATE_COORDINATE,0,,markers
bac-thanh-duoc-lap,bac-thanh-duoc-lap,mixed,DUPLICATE_COORDINATE,0,,markers
thoi-gia-long-tri-vi,thoi-gia-long-tri-vi,mixed,DUPLICATE_COORDINATE,0,,markers
trieu-nguyen-thanh-lap,trieu-nguyen-thanh-lap,no_location,UNSUPPORTED_NO_LOCATION,,,
gia-dinh-thanh-duoc-lap,gia-dinh-thanh-duoc-lap,mixed,DUPLICATE_COORDINATE,0,,markers
cuoc-cai-cach-cua-minh-mang,cuoc-cai-cach-cua-minh-mang,mixed,DUPLICATE_COORDINATE,0,,markers
cuoc-cai-cach-cua-minh-mang,cuoc-cai-cach-cua-minh-mang,mixed,DUPLICATE_COORDINATE_DIFFERENT_LABEL,9,,markers
doi-thi-thu-vien-thanh-van-thu-phong,doi-thi-thu-vien-thanh-van-thu-phong,no_location,UNSUPPORTED_NO_LOCATION,,,
minh-mang-len-ngoi-vua,minh-mang-len-ngoi-vua,no_location,UNSUPPORTED_NO_LOCATION,,,
doi-dinh-quang-duc-thanh-phu-thua-thien,doi-dinh-quang-duc-thanh-phu-thua-thien,mixed,DUPLICATE_COORDINATE,0,,markers
doi-cac-doanh-quang-binh-quang-tri-quang-nam-thanh-tran,doi-cac-doanh-quang-binh-quang-tri-quang-nam-thanh-tran,mixed,DUPLICATE_COORDINATE,0,,markers
lap-noi-cac-thay-the-van-thu-phong,lap-noi-cac-thay-the-van-thu-phong,no_location,UNSUPPORTED_NO_LOCATION,,,
xoa-bo-bac-thanh-chia-thanh-18-tinh,xoa-bo-bac-thanh-chia-thanh-18-tinh,mixed,DUPLICATE_COORDINATE,0,,markers
xoa-bo-bac-thanh-chia-thanh-18-tinh,xoa-bo-bac-thanh-chia-thanh-18-tinh,mixed,DUPLICATE_COORDINATE_DIFFERENT_LABEL,1,,markers
xoa-bo-gia-dinh-thanh-chia-thanh-12-tinh,xoa-bo-gia-dinh-thanh-chia-thanh-12-tinh,mixed,DUPLICATE_COORDINATE,0,,markers
lap-co-mat-vien,lap-co-mat-vien,no_location,UNSUPPORTED_NO_LOCATION,,,
phap-xam-luoc-viet-nam,phap-xam-luoc-viet-nam,nationwide,UNSUPPORTED_NATIONWIDE,,,
thi-diem-chia-lai-ruong-dat-minh-mang,thi-diem-chia-lai-ruong-dat-minh-mang,mixed,DUPLICATE_COORDINATE,0,,markers
thuc-dan-phap-no-sung-tan-cong-da-nang,thuc-dan-phap-no-sung-tan-cong-da-nang,nationwide,UNSUPPORTED_NATIONWIDE,,,
chu-quyen-bien-dao-viet-nam-1858-1918,chu-quyen-bien-dao-viet-nam-1858-1918,nationwide,UNSUPPORTED_NATIONWIDE,,,
khang-chien-chong-thuc-dan-phap-trieu-nguyen,khang-chien-chong-thuc-dan-phap-trieu-nguyen,mixed,DUPLICATE_COORDINATE,0,,markers
phap-tan-cong-da-nang-1858,phap-tan-cong-da-nang-1858,mixed,DUPLICATE_COORDINATE,0,,markers
phap-xam-chiem-dong-duong,phap-xam-chiem-dong-duong,nationwide,UNSUPPORTED_NATIONWIDE,,,
phong-trao-chong-thuc-dan-phap-xam-luoc-o-viet-nam,phong-trao-chong-thuc-dan-phap-xam-luoc-o-viet-nam,nationwide,UNSUPPORTED_NATIONWIDE,,,
khoi-nghia-cua-pu-com-bo,khoi-nghia-cua-pu-com-bo,no_location,UNSUPPORTED_NO_LOCATION,,,
phap-chiem-sau-tinh-nam-ki,phap-chiem-sau-tinh-nam-ki,mixed,DUPLICATE_COORDINATE,0,,markers
vuong-thuc-mau-khoi-nghia-can-vuong,vuong-thuc-mau-khoi-nghia-can-vuong,mixed,DUPLICATE_COORDINATE,0,,markers
phap-chiem-bac-ki-lan-2,phap-chiem-bac-ki-lan-2,mixed,DUPLICATE_COORDINATE,0,,markers
hiep-uoc-hac-mang,hiep-uoc-hac-mang,no_location,UNSUPPORTED_NO_LOCATION,,,
hiep-uoc-pa-to-not,hiep-uoc-pa-to-not,no_location,UNSUPPORTED_NO_LOCATION,,,
trung-quoc-tu-choi-boi-thuong-vu-tau-dam-hoang-sa,trung-quoc-tu-choi-boi-thuong-vu-tau-dam-hoang-sa,no_location,UNSUPPORTED_NO_LOCATION,,,
xay-dung-cau-long-bien,xay-dung-cau-long-bien,mixed,DUPLICATE_COORDINATE,0,,markers
phong-trao-dong-du,phong-trao-dong-du,nationwide,UNSUPPORTED_NATIONWIDE,,,
hoat-dong-doi-ngoai-phan-boi-chau,hoat-dong-doi-ngoai-phan-boi-chau,no_location,UNSUPPORTED_NO_LOCATION,,,
phan-boi-chau-sang-nhat-ban-1905,phan-boi-chau-sang-nhat-ban-1905,no_location,UNSUPPORTED_NO_LOCATION,,,
nguyen-tat-thanh-tham-gia-chong-thue-hue,nguyen-tat-thanh-tham-gia-chong-thue-hue,mixed,DUPLICATE_COORDINATE,0,,markers
thanh-lap-lien-minh-dong-a-1908,thanh-lap-lien-minh-dong-a-1908,no_location,UNSUPPORTED_NO_LOCATION,,,
nguyen-tat-thanh-roi-phan-thiet-vao-sai-gon,nguyen-tat-thanh-roi-phan-thiet-vao-sai-gon,mixed,DUPLICATE_COORDINATE,0,,markers
nguyen-tat-thanh-ra-di-tim-duong-cuu-nuoc,nguyen-tat-thanh-ra-di-tim-duong-cuu-nuoc,mixed,DUPLICATE_COORDINATE,0,,markers
hoat-dong-doi-ngoai-nguyen-ai-quoc-1911-1930,hoat-dong-doi-ngoai-nguyen-ai-quoc-1911-1930,no_location,UNSUPPORTED_NO_LOCATION,,,
hoat-dong-doi-ngoai-phan-chau-trinh,hoat-dong-doi-ngoai-phan-chau-trinh,no_location,UNSUPPORTED_NO_LOCATION,,,
phan-boi-chau-ve-trung-quoc-1911,phan-boi-chau-ve-trung-quoc-1911,no_location,UNSUPPORTED_NO_LOCATION,,,
phan-chau-trinh-sang-phap-1911,phan-chau-trinh-sang-phap-1911,no_location,UNSUPPORTED_NO_LOCATION,,,
thanh-lap-viet-nam-quang-phuc-hoi-1912,thanh-lap-viet-nam-quang-phuc-hoi-1912,no_location,UNSUPPORTED_NO_LOCATION,,,
chu-quyen-bien-dao-viet-nam-1919-1945,chu-quyen-bien-dao-viet-nam-1919-1945,nationwide,UNSUPPORTED_NATIONWIDE,,,
nguyen-ai-quoc-gui-yeu-sach-vec-xai,nguyen-ai-quoc-gui-yeu-sach-vec-xai,no_location,UNSUPPORTED_NO_LOCATION,,,
nguyen-ai-quoc-doc-luan-cuong-le-nin,nguyen-ai-quoc-doc-luan-cuong-le-nin,no_location,UNSUPPORTED_NO_LOCATION,,,
nguyen-ai-quoc-gia-nhap-quoc-te-cong-san-va-sang-lap-dang-cong-san-phap,nguyen-ai-quoc-gia-nhap-quoc-te-cong-san-va-sang-lap-dang-cong-san-phap,no_location,UNSUPPORTED_NO_LOCATION,,,
giai-doan-xuat-hien-xu-huong-moi-trong-phong-trao-dau-tranh-o-dong-nam-a,giai-doan-xuat-hien-xu-huong-moi-trong-phong-trao-dau-tranh-o-dong-nam-a,no_location,UNSUPPORTED_NO_LOCATION,,,
nguyen-ai-quoc-hoat-dong-phap-1921-1923,nguyen-ai-quoc-hoat-dong-phap-1921-1923,no_location,UNSUPPORTED_NO_LOCATION,,,
nguyen-ai-quoc-thanh-lap-hoi-lien-hiep-thuoc-dia-1921,nguyen-ai-quoc-thanh-lap-hoi-lien-hiep-thuoc-dia-1921,no_location,UNSUPPORTED_NO_LOCATION,,,
nguyen-ai-quoc-thanh-lap-hoi-lien-hiep-thuoc-dia-va-bao-le-paria,nguyen-ai-quoc-thanh-lap-hoi-lien-hiep-thuoc-dia-va-bao-le-paria,no_location,UNSUPPORTED_NO_LOCATION,,,
nguyen-ai-quoc-den-lien-xo-1923,nguyen-ai-quoc-den-lien-xo-1923,no_location,UNSUPPORTED_NO_LOCATION,,,
nguyen-ai-quoc-den-quang-chau-1924,nguyen-ai-quoc-den-quang-chau-1924,no_location,UNSUPPORTED_NO_LOCATION,,,
nguyen-ai-quoc-thanh-lap-hoi-viet-nam-cach-mang-thanh-nien,nguyen-ai-quoc-thanh-lap-hoi-viet-nam-cach-mang-thanh-nien,no_location,UNSUPPORTED_NO_LOCATION,,,
thanh-lap-hoi-lien-hiep-cac-dan-toc-bi-ap-buc-a-dong-1925,thanh-lap-hoi-lien-hiep-cac-dan-toc-bi-ap-buc-a-dong-1925,no_location,UNSUPPORTED_NO_LOCATION,,,
ho-chi-minh-mo-lop-dao-tao-can-bo-tai-quang-chau-trung-quoc,ho-chi-minh-mo-lop-dao-tao-can-bo-tai-quang-chau-trung-quoc,no_location,UNSUPPORTED_NO_LOCATION,,,
nguyen-ai-quoc-hoat-dong-chau-au-siam-1927-1929,nguyen-ai-quoc-hoat-dong-chau-au-siam-1927-1929,no_location,UNSUPPORTED_NO_LOCATION,,,
su-ra-doi-cua-ba-to-chuc-cong-san-viet-nam,su-ra-doi-cua-ba-to-chuc-cong-san-viet-nam,no_location,UNSUPPORTED_NO_LOCATION,,,
hoi-nghi-thanh-lap-dang-cong-san-viet-nam,hoi-nghi-thanh-lap-dang-cong-san-viet-nam,nationwide,UNSUPPORTED_NATIONWIDE,,,
thanh-lap-mat-tran-dan-toc-thong-nhat-viet-nam-1930,thanh-lap-mat-tran-dan-toc-thong-nhat-viet-nam-1930,nationwide,UNSUPPORTED_NATIONWIDE,,,
hoat-dong-doi-ngoai-dang-cong-san-dong-duong-1930-1945,hoat-dong-doi-ngoai-dang-cong-san-dong-duong-1930-1945,no_location,UNSUPPORTED_NO_LOCATION,,,
thanh-lap-cac-dang-cong-san-o-viet-nam-ma-lai-xiem-phi-lip-pin,thanh-lap-cac-dang-cong-san-o-viet-nam-ma-lai-xiem-phi-lip-pin,no_location,UNSUPPORTED_NO_LOCATION,,,
nguyen-ai-quoc-hoat-dong-lien-xo-1933,nguyen-ai-quoc-hoat-dong-lien-xo-1933,no_location,UNSUPPORTED_NO_LOCATION,,,
nguyen-ai-quoc-roi-lien-xo-tro-lai-trung-quoc,nguyen-ai-quoc-roi-lien-xo-tro-lai-trung-quoc,no_location,UNSUPPORTED_NO_LOCATION,,,
nguyen-ai-quoc-tro-ve-nuoc,nguyen-ai-quoc-tro-ve-nuoc,mixed,DUPLICATE_COORDINATE,0,,markers
hoi-nghi-lan-thu-8-ban-chap-hanh-trung-uong-dang-cong-san-dong-duong,hoi-nghi-lan-thu-8-ban-chap-hanh-trung-uong-dang-cong-san-dong-duong,mixed,DUPLICATE_COORDINATE,0,,markers
thanh-lap-mat-tran-viet-nam-doc-lap-dong-minh-viet-minh,thanh-lap-mat-tran-viet-nam-doc-lap-dong-minh-viet-minh,no_location,UNSUPPORTED_NO_LOCATION,,,
thanh-lap-tieu-doi-du-kich-thoat-li-dau-tien-o-cao-bang,thanh-lap-tieu-doi-du-kich-thoat-li-dau-tien-o-cao-bang,mixed,DUPLICATE_COORDINATE,0,,markers
ho-chi-minh-di-trung-quoc-phoi-hop-chong-nhat,ho-chi-minh-di-trung-quoc-phoi-hop-chong-nhat,no_location,UNSUPPORTED_NO_LOCATION,,,
ho-chi-minh-sang-trung-quoc-1942,ho-chi-minh-sang-trung-quoc-1942,no_location,UNSUPPORTED_NO_LOCATION,,,
ho-chi-minh-tro-ve-nuoc-1944,ho-chi-minh-tro-ve-nuoc-1944,no_location,UNSUPPORTED_NO_LOCATION,,,
chi-thi-thanh-lap-doi-viet-nam-tuyen-truyen-giai-phong-quan,chi-thi-thanh-lap-doi-viet-nam-tuyen-truyen-giai-phong-quan,no_location,UNSUPPORTED_NO_LOCATION,,,
ho-chi-minh-sang-con-minh-tim-su-ung-ho-quoc-te,ho-chi-minh-sang-con-minh-tim-su-ung-ho-quoc-te,no_location,UNSUPPORTED_NO_LOCATION,,,
cao-trao-khang-nhat-cuu-nuoc,cao-trao-khang-nhat-cuu-nuoc,nationwide,UNSUPPORTED_NATIONWIDE,,,
viet-minh-hop-tac-oss-1945,viet-minh-hop-tac-oss-1945,no_location,UNSUPPORTED_NO_LOCATION,,,
hoi-nghi-pot-xdam,hoi-nghi-pot-xdam,no_location,UNSUPPORTED_NO_LOCATION,,,
uy-ban-khoi-nghia-ban-bo-quan-lenh-so-1,uy-ban-khoi-nghia-ban-bo-quan-lenh-so-1,nationwide,UNSUPPORTED_NATIONWIDE,,,
cach-mang-thang-tam-nam-1945,cach-mang-thang-tam-nam-1945,nationwide,UNSUPPORTED_NATIONWIDE,,,
hoi-nghi-toan-quoc-cua-dang-cong-san-dong-duong-1945,hoi-nghi-toan-quoc-cua-dang-cong-san-dong-duong-1945,no_location,UNSUPPORTED_NO_LOCATION,,,
hoi-nghi-toan-quoc-cua-dang-tan-trao,hoi-nghi-toan-quoc-cua-dang-tan-trao,mixed,DUPLICATE_COORDINATE,0,,markers
nhat-ban-tuyen-bo-dau-hang-dong-minh,nhat-ban-tuyen-bo-dau-hang-dong-minh,no_location,UNSUPPORTED_NO_LOCATION,,,
dai-hoi-quoc-dan-tan-trao,dai-hoi-quoc-dan-tan-trao,mixed,DUPLICATE_COORDINATE,0,,markers
giai-phong-thi-xa-thai-nguyen,giai-phong-thi-xa-thai-nguyen,mixed,DUPLICATE_COORDINATE,0,,markers
cac-tinh-gianh-chinh-quyen-som-nhat,cac-tinh-gianh-chinh-quyen-som-nhat,mixed,DUPLICATE_COORDINATE,0,,markers
khoi-nghia-gianh-chinh-quyen-ha-noi,khoi-nghia-gianh-chinh-quyen-ha-noi,mixed,DUPLICATE_COORDINATE,0,,markers
khoi-nghia-gianh-chinh-quyen-hue,khoi-nghia-gianh-chinh-quyen-hue,mixed,DUPLICATE_COORDINATE,0,,markers
khoi-nghia-gianh-chinh-quyen-sai-gon,khoi-nghia-gianh-chinh-quyen-sai-gon,mixed,DUPLICATE_COORDINATE,0,,markers
cac-dia-phuong-cuoi-cung-gianh-chinh-quyen,cac-dia-phuong-cuoi-cung-gianh-chinh-quyen,mixed,DUPLICATE_COORDINATE,0,,markers
tong-khoi-nghia-gianh-chinh-quyen,tong-khoi-nghia-gianh-chinh-quyen,nationwide,UNSUPPORTED_NATIONWIDE,,,
ho-chi-minh-cong-bo-tuyen-ngon-doc-lap,ho-chi-minh-cong-bo-tuyen-ngon-doc-lap,no_location,UNSUPPORTED_NO_LOCATION,,,
phap-xa-sung-sai-gon-cho-lon-1945,phap-xa-sung-sai-gon-cho-lon-1945,mixed,DUPLICATE_COORDINATE,0,,markers
phap-danh-up-uy-ban-hanh-chinh-nam-bo-1945,phap-danh-up-uy-ban-hanh-chinh-nam-bo-1945,mixed,DUPLICATE_COORDINATE,0,,markers
thanh-lap-uy-ban-khang-chien-nam-bo-1945,thanh-lap-uy-ban-khang-chien-nam-bo-1945,mixed,DUPLICATE_COORDINATE,0,,markers
giai-doan-hoan-thanh-cuoc-dau-tranh-gianh-doc-lap-dan-toc-o-dong-nam-a,giai-doan-hoan-thanh-cuoc-dau-tranh-gianh-doc-lap-dan-toc-o-dong-nam-a,no_location,UNSUPPORTED_NO_LOCATION,,,
ho-chi-minh-gui-thu-toi-chu-tich-hoi-dong-lien-hop-quoc,ho-chi-minh-gui-thu-toi-chu-tich-hoi-dong-lien-hop-quoc,no_location,UNSUPPORTED_NO_LOCATION,,,
ho-chi-minh-keu-goi-nhuong-com-se-ao-tang-gia-san-xuat,ho-chi-minh-keu-goi-nhuong-com-se-ao-tang-gia-san-xuat,no_location,UNSUPPORTED_NO_LOCATION,,,
ho-chi-minh-ki-sac-lenh-thanh-lap-nha-binh-dan-hoc-vu-va-quy-doc-lap,ho-chi-minh-ki-sac-lenh-thanh-lap-nha-binh-dan-hoc-vu-va-quy-doc-lap,no_location,UNSUPPORTED_NO_LOCATION,,,
hoat-dong-doi-ngoai-cua-vndcch-voi-trung-hoa-dan-quoc,hoat-dong-doi-ngoai-cua-vndcch-voi-trung-hoa-dan-quoc,nationwide,UNSUPPORTED_NATIONWIDE,,,
khang-chien-chong-thuc-dan-phap-1945-1954,khang-chien-chong-thuc-dan-phap-1945-1954,nationwide,UNSUPPORTED_NATIONWIDE,,,
khang-chien-chong-thuc-dan-phap-o-viet-nam-lao-cam-pu-chia,khang-chien-chong-thuc-dan-phap-o-viet-nam-lao-cam-pu-chia,no_location,UNSUPPORTED_NO_LOCATION,,,
lang-xa-viet-nam-bien-doi-sau-1945,lang-xa-viet-nam-bien-doi-sau-1945,no_location,UNSUPPORTED_NO_LOCATION,,,
viet-nam-de-nghi-lien-hop-quoc-cong-nhan-vndcch,viet-nam-de-nghi-lien-hop-quoc-cong-nhan-vndcch,nationwide,UNSUPPORTED_NATIONWIDE,,,
ho-chi-minh-gui-loi-keu-goi-quoc-dan-di-bo-phieu,ho-chi-minh-gui-loi-keu-goi-quoc-dan-di-bo-phieu,no_location,UNSUPPORTED_NO_LOCATION,,,
ho-chi-minh-duoc-bau-chu-tich-nuoc-1946,ho-chi-minh-duoc-bau-chu-tich-nuoc-1946,no_location,UNSUPPORTED_NO_LOCATION,,,
hiep-uoc-hoa-phap-1946,hiep-uoc-hoa-phap-1946,no_location,UNSUPPORTED_NO_LOCATION,,,
ho-chi-minh-ki-hiep-dinh-so-bo-voi-g-xanh-to-ni,ho-chi-minh-ki-hiep-dinh-so-bo-voi-g-xanh-to-ni,no_location,UNSUPPORTED_NO_LOCATION,,,
ho-chi-minh-sang-phap-van-dong-ngoai-giao-va-ki-tam-uoc,ho-chi-minh-sang-phap-van-dong-ngoai-giao-va-ki-tam-uoc,no_location,UNSUPPORTED_NO_LOCATION,,,
ki-tam-uoc-viet-phap,ki-tam-uoc-viet-phap,no_location,UNSUPPORTED_NO_LOCATION,,,
chien-dau-cac-do-thi-phia-bac-vi-tuyen-16-1946-1947,chien-dau-cac-do-thi-phia-bac-vi-tuyen-16-1946-1947,mixed,DUPLICATE_COORDINATE,0,,markers
ho-chi-minh-ra-loi-keu-goi-toan-quoc-khang-chien,ho-chi-minh-ra-loi-keu-goi-toan-quoc-khang-chien,no_location,UNSUPPORTED_NO_LOCATION,,,
khang-chien-toan-quoc-chong-thuc-dan-phap-bung-no,khang-chien-toan-quoc-chong-thuc-dan-phap-bung-no,no_location,UNSUPPORTED_NO_LOCATION,,,
viet-nam-the-hien-thien-chi-hoa-binh-sau-12-1946,viet-nam-the-hien-thien-chi-hoa-binh-sau-12-1946,no_location,UNSUPPORTED_NO_LOCATION,,,
hien-phap-viet-nam-dan-chu-cong-hoa-1946,hien-phap-viet-nam-dan-chu-cong-hoa-1946,nationwide,UNSUPPORTED_NATIONWIDE,,,
chien-dich-viet-bac-thu-dong-1947,chien-dich-viet-bac-thu-dong-1947,mixed,DUPLICATE_COORDINATE,0,,markers
chien-dich-bien-gioi-thu-dong-1950,chien-dich-bien-gioi-thu-dong-1950,mixed,DUPLICATE_COORDINATE,0,,markers
cac-chien-dich-tien-cong-quan-doi-viet-nam-1950-1953,cac-chien-dich-tien-cong-quan-doi-viet-nam-1950-1953,mixed,DUPLICATE_COORDINATE,0,,markers
vndcch-thiet-lap-quan-he-ngoai-giao-voi-cac-nuoc-xhcn,vndcch-thiet-lap-quan-he-ngoai-giao-voi-cac-nuoc-xhcn,no_location,UNSUPPORTED_NO_LOCATION,,,
dai-hoi-dai-bieu-lan-thu-ii-cua-dang-lao-dong-viet-nam,dai-hoi-dai-bieu-lan-thu-ii-cua-dang-lao-dong-viet-nam,no_location,UNSUPPORTED_NO_LOCATION,,,
dai-hoi-dai-bieu-lan-thu-ii-dang-cong-san-dong-duong-1951,dai-hoi-dai-bieu-lan-thu-ii-dang-cong-san-dong-duong-1951,mixed,DUPLICATE_COORDINATE,0,,markers
ho-chi-minh-duoc-bau-chu-tich-ban-chap-hanh-trung-uong-dang-1951,ho-chi-minh-duoc-bau-chu-tich-ban-chap-hanh-trung-uong-dang-1951,no_location,UNSUPPORTED_NO_LOCATION,,,
mat-tran-lien-viet-ra-doi-1951,mat-tran-lien-viet-ra-doi-1951,no_location,UNSUPPORTED_NO_LOCATION,,,
chu-quyen-viet-nam-duoc-tuyen-bo-cong-nhan-hoi-nghi-xan-phran-xi-xo,chu-quyen-viet-nam-duoc-tuyen-bo-cong-nhan-hoi-nghi-xan-phran-xi-xo,no_location,UNSUPPORTED_NO_LOCATION,,,
thanh-lap-lien-minh-nhan-dan-viet-mien-lao,thanh-lap-lien-minh-nhan-dan-viet-mien-lao,nationwide,UNSUPPORTED_NATIONWIDE,,,
cuoc-van-dong-san-xuat-va-tiet-kiem-1952,cuoc-van-dong-san-xuat-va-tiet-kiem-1952,no_location,UNSUPPORTED_NO_LOCATION,,,
ke-hoach-na-va-1953,ke-hoach-na-va-1953,no_location,UNSUPPORTED_NO_LOCATION,,,
quoc-hoi-thong-qua-luat-cai-cach-ruong-dat-1953,quoc-hoi-thong-qua-luat-cai-cach-ruong-dat-1953,no_location,UNSUPPORTED_NO_LOCATION,,,
cuoc-tien-cong-chien-luoc-dong-xuan-1953-1954,cuoc-tien-cong-chien-luoc-dong-xuan-1953-1954,no_location,UNSUPPORTED_NO_LOCATION,,,
chien-dich-dien-bien-phu-1954,chien-dich-dien-bien-phu-1954,mixed,DUPLICATE_COORDINATE,0,,markers
hoi-nghi-gio-ne-vo-ve-dong-duong,hoi-nghi-gio-ne-vo-ve-dong-duong,no_location,UNSUPPORTED_NO_LOCATION,,,
ky-ket-hiep-dinh-go-ne-vo-1954,ky-ket-hiep-dinh-go-ne-vo-1954,no_location,UNSUPPORTED_NO_LOCATION,,,
cai-cach-ruong-dat-mien-bac,cai-cach-ruong-dat-mien-bac,no_location,UNSUPPORTED_NO_LOCATION,,,
chien-tranh-bao-ve-doc-lap-dan-toc-va-chu-quyen-quoc-gia-o-dong-duong,chien-tranh-bao-ve-doc-lap-dan-toc-va-chu-quyen-quoc-gia-o-dong-duong,no_location,UNSUPPORTED_NO_LOCATION,,,
chu-quyen-bien-dao-viet-nam-1954-1975,chu-quyen-bien-dao-viet-nam-1954-1975,nationwide,UNSUPPORTED_NATIONWIDE,,,
giai-doan-khang-chien-chong-my-1954-1960,giai-doan-khang-chien-chong-my-1954-1960,mixed,DUPLICATE_COORDINATE,0,,markers
khang-chien-chong-my-cuu-nuoc,khang-chien-chong-my-cuu-nuoc,nationwide,UNSUPPORTED_NATIONWIDE,,,
my-can-thiep-vao-dong-duong,my-can-thiep-vao-dong-duong,no_location,UNSUPPORTED_NO_LOCATION,,,
my-thay-chan-phap-dung-chinh-quyen-ngo-dinh-diem,my-thay-chan-phap-dung-chinh-quyen-ngo-dinh-diem,mixed,DUPLICATE_COORDINATE,0,,markers
quan-li-hanh-chinh-chinh-quyen-sai-gon-hoang-sa-truong-sa,quan-li-hanh-chinh-chinh-quyen-sai-gon-hoang-sa-truong-sa,mixed,DUPLICATE_COORDINATE,0,,markers
viet-nam-tam-thoi-bi-chia-cat-hai-mien,viet-nam-tam-thoi-bi-chia-cat-hai-mien,nationwide,UNSUPPORTED_NATIONWIDE,,,
lien-xo-vien-tro-cho-viet-nam,lien-xo-vien-tro-cho-viet-nam,no_location,UNSUPPORTED_NO_LOCATION,,,
ho-chi-minh-chu-tich-tong-bi-thu-dang-lao-dong-1956,ho-chi-minh-chu-tich-tong-bi-thu-dang-lao-dong-1956,no_location,UNSUPPORTED_NO_LOCATION,,,
dai-loan-chiem-dong-dao-ba-binh-truong-sa,dai-loan-chiem-dong-dao-ba-binh-truong-sa,no_location,UNSUPPORTED_NO_LOCATION,,,
philippin-tuyen-bo-quyen-khai-thac-lap-nghiep-truong-sa,philippin-tuyen-bo-quyen-khai-thac-lap-nghiep-truong-sa,no_location,UNSUPPORTED_NO_LOCATION,,,
viet-nam-danh-chiem-nua-phia-dong-hoang-sa,viet-nam-danh-chiem-nua-phia-dong-hoang-sa,multi_point,DUPLICATE_COORDINATE,0,,markers
viet-nam-danh-chiem-nua-phia-dong-hoang-sa,viet-nam-danh-chiem-nua-phia-dong-hoang-sa,multi_point,DUPLICATE_COORDINATE_DIFFERENT_LABEL,1,,markers
hoi-nghi-ban-chap-hanh-trung-uong-lan-thu-15-dang-lao-dong-viet-nam,hoi-nghi-ban-chap-hanh-trung-uong-lan-thu-15-dang-lao-dong-viet-nam,no_location,UNSUPPORTED_NO_LOCATION,,,
phong-trao-dong-khoi,phong-trao-dong-khoi,mixed,DUPLICATE_COORDINATE,0,,markers
dai-hoi-dai-bieu-toan-quoc-lan-thu-iii-cua-dang-lao-dong-viet-nam,dai-hoi-dai-bieu-toan-quoc-lan-thu-iii-cua-dang-lao-dong-viet-nam,no_location,UNSUPPORTED_NO_LOCATION,,,
dai-hoi-dai-bieu-toan-quoc-lan-thu-iii-dang-lao-dong-viet-nam,dai-hoi-dai-bieu-toan-quoc-lan-thu-iii-dang-lao-dong-viet-nam,mixed,DUPLICATE_COORDINATE,0,,markers
ho-chi-minh-tiep-tuc-duoc-bau-chu-tich-dang-lao-dong-1960,ho-chi-minh-tiep-tuc-duoc-bau-chu-tich-dang-lao-dong-1960,no_location,UNSUPPORTED_NO_LOCATION,,,
thanh-lap-quan-giai-phong-mien-nam,thanh-lap-quan-giai-phong-mien-nam,no_location,UNSUPPORTED_NO_LOCATION,,,
chu-tich-ho-chi-minh-tham-quan-cang-bai-chay-1961,chu-tich-ho-chi-minh-tham-quan-cang-bai-chay-1961,mixed,DUPLICATE_COORDINATE,0,,markers
giai-doan-khang-chien-chong-my-1961-1965,giai-doan-khang-chien-chong-my-1961-1965,mixed,DUPLICATE_COORDINATE,0,,markers
ke-hoach-nha-nuoc-5-nam-lan-thu-nhat-mien-bac,ke-hoach-nha-nuoc-5-nam-lan-thu-nhat-mien-bac,no_location,UNSUPPORTED_NO_LOCATION,,,
chien-thang-ap-bac,chien-thang-ap-bac,mixed,DUPLICATE_COORDINATE,0,,markers
cac-chien-thang-quan-su-1964-1965,cac-chien-thang-quan-su-1964-1965,mixed,DUPLICATE_COORDINATE,0,,markers
chien-thang-van-tuong,chien-thang-van-tuong,mixed,DUPLICATE_COORDINATE,0,,markers
giai-doan-khang-chien-chong-my-1965-1968,giai-doan-khang-chien-chong-my-1965-1968,mixed,DUPLICATE_COORDINATE,0,,markers
hoi-nghi-pa-ri-ve-viet-nam,hoi-nghi-pa-ri-ve-viet-nam,no_location,UNSUPPORTED_NO_LOCATION,,,
tong-tien-cong-va-noi-day-xuan-mau-than-1968,tong-tien-cong-va-noi-day-xuan-mau-than-1968,mixed,DUPLICATE_COORDINATE,0,,markers
giai-doan-khang-chien-chong-my-1969-1973,giai-doan-khang-chien-chong-my-1969-1973,nationwide,UNSUPPORTED_NATIONWIDE,,,
dap-tan-cuoc-hanh-quan-xam-luoc-vao-cam-pu-chia-1970,dap-tan-cuoc-hanh-quan-xam-luoc-vao-cam-pu-chia-1970,no_location,UNSUPPORTED_NO_LOCATION,,,
hoi-nghi-cap-cao-ba-nuoc-viet-nam-lao-cam-pu-chia,hoi-nghi-cap-cao-ba-nuoc-viet-nam-lao-cam-pu-chia,no_location,UNSUPPORTED_NO_LOCATION,,,
chien-dich-duong-9-nam-lao,chien-dich-duong-9-nam-lao,no_location,UNSUPPORTED_NO_LOCATION,,,
philippin-chiem-dong-9-dao-truong-sa,philippin-chiem-dong-9-dao-truong-sa,no_location,UNSUPPORTED_NO_LOCATION,,,
cuoc-tien-cong-chien-luoc-nam-1972,cuoc-tien-cong-chien-luoc-nam-1972,mixed,DUPLICATE_COORDINATE,0,,markers
chien-tranh-pha-hoai-mien-bac-lan-thu-hai,chien-tranh-pha-hoai-mien-bac-lan-thu-hai,mixed,DUPLICATE_COORDINATE,0,,markers
ki-ket-hiep-dinh-pa-ri-ve-cham-dut-chien-tranh-lap-lai-hoa-binh-o-viet-nam,ki-ket-hiep-dinh-pa-ri-ve-cham-dut-chien-tranh-lap-lai-hoa-binh-o-viet-nam,no_location,UNSUPPORTED_NO_LOCATION,,,
hoi-nghi-ban-chap-hanh-trung-uong-dang-lan-thu-21,hoi-nghi-ban-chap-hanh-trung-uong-dang-lan-thu-21,no_location,UNSUPPORTED_NO_LOCATION,,,
giai-doan-khang-chien-chong-my-1973-1975,giai-doan-khang-chien-chong-my-1973-1975,mixed,DUPLICATE_COORDINATE,0,,markers
giai-doan-khang-chien-chong-my-1973-1975,giai-doan-khang-chien-chong-my-1973-1975,mixed,DUPLICATE_COORDINATE_DIFFERENT_LABEL,5,,markers
chien-thang-duong-14-phuoc-long,chien-thang-duong-14-phuoc-long,no_location,UNSUPPORTED_NO_LOCATION,,,
giai-phong-hue-va-thua-thien,giai-phong-hue-va-thua-thien,mixed,DUPLICATE_COORDINATE,0,,markers
giai-phong-hue-va-thua-thien,giai-phong-hue-va-thua-thien,mixed,DUPLICATE_COORDINATE_DIFFERENT_LABEL,1,,markers
giai-phong-da-nang,giai-phong-da-nang,mixed,DUPLICATE_COORDINATE,0,,markers
tong-tien-cong-va-noi-day-xuan-1975,tong-tien-cong-va-noi-day-xuan-1975,mixed,DUPLICATE_COORDINATE,0,,markers
tong-tien-cong-va-noi-day-xuan-1975,tong-tien-cong-va-noi-day-xuan-1975,mixed,DUPLICATE_COORDINATE_DIFFERENT_LABEL,5,,markers
chien-dich-giai-phong-sai-gon-gia-dinh-chien-dich-ho-chi-minh,chien-dich-giai-phong-sai-gon-gia-dinh-chien-dich-ho-chi-minh,mixed,DUPLICATE_COORDINATE,0,,markers
mit-tinh-chao-mung-uy-ban-quan-quan-sai-gon-1975,mit-tinh-chao-mung-uy-ban-quan-quan-sai-gon-1975,mixed,DUPLICATE_COORDINATE,0,,markers
quoc-hoi-khoa-vi-doi-ten-sai-gon-thanh-thanh-pho-ho-chi-minh,quoc-hoi-khoa-vi-doi-ten-sai-gon-thanh-thanh-pho-ho-chi-minh,mixed,DUPLICATE_COORDINATE,0,,markers
quoc-hoi-khoa-vi-doi-ten-sai-gon-thanh-thanh-pho-ho-chi-minh,quoc-hoi-khoa-vi-doi-ten-sai-gon-thanh-thanh-pho-ho-chi-minh,mixed,DUPLICATE_COORDINATE_DIFFERENT_LABEL,1,,markers
quoc-hoi-khoa-vi-doi-ten-sai-gon-thanh-thanh-pho-ho-chi-minh,quoc-hoi-khoa-vi-doi-ten-sai-gon-thanh-thanh-pho-ho-chi-minh,mixed,DUPLICATE_COORDINATE_DIFFERENT_LABEL,2,,markers
thuc-hien-thong-nhat-dat-nuoc-viet-nam,thuc-hien-thong-nhat-dat-nuoc-viet-nam,nationwide,UNSUPPORTED_NATIONWIDE,,,
viet-nam-ban-hanh-tuyen-bo-vung-bien-them-luc-dia,viet-nam-ban-hanh-tuyen-bo-vung-bien-them-luc-dia,no_location,UNSUPPORTED_NO_LOCATION,,,
viet-nam-thanh-vien-lien-hop-quoc,viet-nam-thanh-vien-lien-hop-quoc,no_location,UNSUPPORTED_NO_LOCATION,,,
lien-hop-quoc-vien-tro-viet-nam-1977-1986,lien-hop-quoc-vien-tro-viet-nam-1977-1986,no_location,UNSUPPORTED_NO_LOCATION,,,
philippin-ban-hanh-sac-lenh-1596-tuyen-bo-chu-quyen-truong-sa,philippin-ban-hanh-sac-lenh-1596-tuyen-bo-chu-quyen-truong-sa,no_location,UNSUPPORTED_NO_LOCATION,,,
viet-nam-gia-nhap-sev,viet-nam-gia-nhap-sev,no_location,UNSUPPORTED_NO_LOCATION,,,
go-ro-bat-co-pham-tuan-bay-vu-tru,go-ro-bat-co-pham-tuan-bay-vu-tru,no_location,UNSUPPORTED_NO_LOCATION,,,
thanh-lap-huyen-hoang-sa-va-huyen-truong-sa,thanh-lap-huyen-hoang-sa-va-huyen-truong-sa,mixed,DUPLICATE_COORDINATE,0,,markers
thanh-lap-huyen-hoang-sa-va-huyen-truong-sa,thanh-lap-huyen-hoang-sa-va-huyen-truong-sa,mixed,DUPLICATE_COORDINATE_DIFFERENT_LABEL,4,,markers
thanh-lap-huyen-hoang-sa-va-huyen-truong-sa,thanh-lap-huyen-hoang-sa-va-huyen-truong-sa,mixed,DUPLICATE_COORDINATE_DIFFERENT_LABEL,7,,markers
bru-nay-tuyen-bo-ranh-gioi-them-luc-dia,bru-nay-tuyen-bo-ranh-gioi-them-luc-dia,no_location,UNSUPPORTED_NO_LOCATION,,,
bru-nay-tuyen-bo-vung-dac-quyen-kinh-te,bru-nay-tuyen-bo-vung-dac-quyen-kinh-te,no_location,UNSUPPORTED_NO_LOCATION,,,
dai-hoi-dai-bieu-toan-quoc-lan-thu-vi-cua-dang-cong-san-viet-nam,dai-hoi-dai-bieu-toan-quoc-lan-thu-vi-cua-dang-cong-san-viet-nam,nationwide,UNSUPPORTED_NATIONWIDE,,,
cong-cuoc-doi-moi-o-viet-nam,cong-cuoc-doi-moi-o-viet-nam,nationwide,UNSUPPORTED_NATIONWIDE,,,
giai-doan-khoi-dau-cong-cuoc-doi-moi-1986-1995,giai-doan-khoi-dau-cong-cuoc-doi-moi-1986-1995,nationwide,UNSUPPORTED_NATIONWIDE,,,
trung-quoc-danh-chiem-dao-gac-ma-len-dao-chu-thap-va-mot-so-dao-khac-truong-sa,trung-quoc-danh-chiem-dao-gac-ma-len-dao-chu-thap-va-mot-so-dao-khac-truong-sa,multi_point,DUPLICATE_COORDINATE,0,,markers
chien-si-hai-quan-nhan-dan-viet-nam-hi-sinh-bao-ve-gac-ma-co-lin-len-dao,chien-si-hai-quan-nhan-dan-viet-nam-hi-sinh-bao-ve-gac-ma-co-lin-len-dao,multi_point,DUPLICATE_COORDINATE,0,,markers
bai-bo-che-do-tem-phieu-o-viet-nam,bai-bo-che-do-tem-phieu-o-viet-nam,nationwide,UNSUPPORTED_NATIONWIDE,,,
dai-hoi-dai-bieu-toan-quoc-lan-thu-vii-cua-dang-cong-san-viet-nam,dai-hoi-dai-bieu-toan-quoc-lan-thu-vii-cua-dang-cong-san-viet-nam,nationwide,UNSUPPORTED_NATIONWIDE,,,
viet-nam-binh-thuong-hoa-quan-he-trung-quoc,viet-nam-binh-thuong-hoa-quan-he-trung-quoc,no_location,UNSUPPORTED_NO_LOCATION,,,
xay-dung-va-dong-dien-duong-day-500kv-bac-nam-mach-1,xay-dung-va-dong-dien-duong-day-500kv-bac-nam-mach-1,nationwide,UNSUPPORTED_NATIONWIDE,,,
dai-loan-chiem-bai-can-ran-san-ho-ban-than,dai-loan-chiem-bai-can-ran-san-ho-ban-than,no_location,UNSUPPORTED_NO_LOCATION,,,
trung-quoc-danh-chiem-da-vanh-khan,trung-quoc-danh-chiem-da-vanh-khan,multi_point,DUPLICATE_COORDINATE,0,,markers
viet-nam-binh-thuong-hoa-quan-he-my,viet-nam-binh-thuong-hoa-quan-he-my,no_location,UNSUPPORTED_NO_LOCATION,,,
viet-nam-gia-nhap-asean,viet-nam-gia-nhap-asean,no_location,UNSUPPORTED_NO_LOCATION,,,
dai-hoi-dai-bieu-toan-quoc-lan-thu-viii-cua-dang-cong-san-viet-nam,dai-hoi-dai-bieu-toan-quoc-lan-thu-viii-cua-dang-cong-san-viet-nam,nationwide,UNSUPPORTED_NATIONWIDE,,,
giai-doan-day-manh-cong-nghiep-hoa-hien-dai-hoa-hoi-nhap-kinh-te-quoc-te-1996-2006,giai-doan-day-manh-cong-nghiep-hoa-hien-dai-hoa-hoi-nhap-kinh-te-quoc-te-1996-2006,nationwide,UNSUPPORTED_NATIONWIDE,,,
cam-pu-chia-gia-nhap-asean,cam-pu-chia-gia-nhap-asean,no_location,UNSUPPORTED_NO_LOCATION,,,
ki-tuyen-bo-ve-ung-xu-cua-cac-ben-o-bien-dong-doc,ki-tuyen-bo-ve-ung-xu-cua-cac-ben-o-bien-dong-doc,no_location,UNSUPPORTED_NO_LOCATION,,,
bo-chinh-tri-ban-hanh-chi-thi-06-ct-tw-ve-cuoc-van-dong-hoc-tap-va-lam-theo-tam-guong-dao-duc-ho-chi-minh,bo-chinh-tri-ban-hanh-chi-thi-06-ct-tw-ve-cuoc-van-dong-hoc-tap-va-lam-theo-tam-guong-dao-duc-ho-chi-minh,no_location,UNSUPPORTED_NO_LOCATION,,,
dai-hoi-dai-bieu-toan-quoc-lan-thu-x-cua-dang-cong-san-viet-nam,dai-hoi-dai-bieu-toan-quoc-lan-thu-x-cua-dang-cong-san-viet-nam,nationwide,UNSUPPORTED_NATIONWIDE,,,
viet-nam-thong-qua-luat-bien-viet-nam,viet-nam-thong-qua-luat-bien-viet-nam,no_location,UNSUPPORTED_NO_LOCATION,,,
hien-phap-cong-hoa-xa-hoi-chu-nghia-viet-nam-2013,hien-phap-cong-hoa-xa-hoi-chu-nghia-viet-nam-2013,nationwide,UNSUPPORTED_NATIONWIDE,,,
viet-nam-hoan-tat-muc-tieu-thien-nien-ki,viet-nam-hoan-tat-muc-tieu-thien-nien-ki,nationwide,UNSUPPORTED_NATIONWIDE,,,
bo-chinh-tri-ban-hanh-chi-thi-05-ct-tw-ve-day-manh-hoc-tap-va-lam-theo-tu-tuong-dao-duc-phong-cach-ho-chi-minh,bo-chinh-tri-ban-hanh-chi-thi-05-ct-tw-ve-day-manh-hoc-tap-va-lam-theo-tu-tuong-dao-duc-phong-cach-ho-chi-minh,no_location,UNSUPPORTED_NO_LOCATION,,,
phe-duyet-chien-luoc-phat-trien-cong-nghiep-van-hoa-viet-nam,phe-duyet-chien-luoc-phat-trien-cong-nghiep-van-hoa-viet-nam,nationwide,UNSUPPORTED_NATIONWIDE,,,
ro-bot-xophia-duoc-cap-quyen-cong-dan,ro-bot-xophia-duoc-cap-quyen-cong-dan,no_location,UNSUPPORTED_NO_LOCATION,,,
ban-hanh-nghi-quyet-36-nq-tw-ve-chien-luoc-phat-trien-kinh-te-bien,ban-hanh-nghi-quyet-36-nq-tw-ve-chien-luoc-phat-trien-kinh-te-bien,no_location,UNSUPPORTED_NO_LOCATION,,,
nhan-dan-ung-ho-mien-trung-bao-so-9-2020,nhan-dan-ung-ho-mien-trung-bao-so-9-2020,no_location,UNSUPPORTED_NO_LOCATION,,,
hoi-nghi-cap-cao-asean-37-ha-noi,hoi-nghi-cap-cao-asean-37-ha-noi,no_location,UNSUPPORTED_NO_LOCATION,,,
doan-si-quan-viet-nam-tham-gia-luc-luong-gin-giu-hoa-binh-lien-hop-quoc-tai-nam-xu-dang,doan-si-quan-viet-nam-tham-gia-luc-luong-gin-giu-hoa-binh-lien-hop-quoc-tai-nam-xu-dang,no_location,UNSUPPORTED_NO_LOCATION,,,
quan-he-viet-nam-my-doi-tac-chien-luoc-toan-dien,quan-he-viet-nam-my-doi-tac-chien-luoc-toan-dien,nationwide,UNSUPPORTED_NATIONWIDE,,,
cai-cach-le-thanh-tong,cai-cach-le-thanh-tong,mixed,DUPLICATE_COORDINATE,0,,markers
chinh-quyen-phap-cai-cach-huong-chinh,chinh-quyen-phap-cai-cach-huong-chinh,no_location,UNSUPPORTED_NO_LOCATION,,,
chu-nom-su-dung-rong-rai,chu-nom-su-dung-rong-rai,no_location,UNSUPPORTED_NO_LOCATION,,,
chu-quoc-ngu-xuat-hien,chu-quoc-ngu-xuat-hien,no_location,UNSUPPORTED_NO_LOCATION,,,
chu-quyen-bien-dao-viet-nam-1975-den-nay,chu-quyen-bien-dao-viet-nam-1975-den-nay,nationwide,UNSUPPORTED_NATIONWIDE,,,
dau-tranh-chong-phong-kien-phuong-bac,dau-tranh-chong-phong-kien-phuong-bac,nationwide,UNSUPPORTED_NATIONWIDE,,,
dinh-tien-le-dong-do-hoa-lu,dinh-tien-le-dong-do-hoa-lu,mixed,DUPLICATE_COORDINATE,0,,markers
giai-doan-cuoi-chien-tranh-the-gioi-thu-hai,giai-doan-cuoi-chien-tranh-the-gioi-thu-hai,no_location,UNSUPPORTED_NO_LOCATION,,,
giai-doan-tiep-tuc-day-manh-cong-nghiep-hoa-hien-dai-hoa-hoi-nhap-quoc-te-sau-rong-2006-nay,giai-doan-tiep-tuc-day-manh-cong-nghiep-hoa-hien-dai-hoa-hoi-nhap-quoc-te-sau-rong-2006-nay,nationwide,UNSUPPORTED_NATIONWIDE,,,
hinh-thanh-khoi-dai-doan-ket-van-lang-au-lac,hinh-thanh-khoi-dai-doan-ket-van-lang-au-lac,nationwide,UNSUPPORTED_NATIONWIDE,,,
hinh-thanh-phat-trien-van-minh-van-lang-au-lac,hinh-thanh-phat-trien-van-minh-van-lang-au-lac,mixed,DUPLICATE_COORDINATE,0,,markers
khang-chien-thang-loi,khang-chien-thang-loi,no_location,UNSUPPORTED_NO_LOCATION,,,
lang-co-ten-nom-xuat-hien-som-thoi-ly-tran,lang-co-ten-nom-xuat-hien-som-thoi-ly-tran,no_location,UNSUPPORTED_NO_LOCATION,,,
lang-xa-hinh-thanh-thoi-van-lang-au-lac,lang-xa-hinh-thanh-thoi-van-lang-au-lac,no_location,UNSUPPORTED_NO_LOCATION,,,
nguoi-viet-che-tao-sung-than-co-thuyen-chien,nguoi-viet-che-tao-sung-than-co-thuyen-chien,no_location,UNSUPPORTED_NO_LOCATION,,,
nha-duong-dat-don-vi-huong-xa-thoi-bac-thuoc,nha-duong-dat-don-vi-huong-xa-thoi-bac-thuoc,no_location,UNSUPPORTED_NO_LOCATION,,,
nha-ly-su-dung-thi-cu-nho-hoc,nha-ly-su-dung-thi-cu-nho-hoc,no_location,UNSUPPORTED_NO_LOCATION,,,
nha-ly-to-chuc-khoa-thi-nho-hoc-dau-tien,nha-ly-to-chuc-khoa-thi-nho-hoc-dau-tien,nationwide,UNSUPPORTED_NATIONWIDE,,,
nha-ly-xay-dung-van-mieu,nha-ly-xay-dung-van-mieu,nationwide,UNSUPPORTED_NATIONWIDE,,,
nha-nuoc-can-thiep-manh-lang-xa-thoi-le-so,nha-nuoc-can-thiep-manh-lang-xa-thoi-le-so,no_location,UNSUPPORTED_NO_LOCATION,,,
nha-nuoc-can-thiep-manh-lang-xa-thoi-nguyen,nha-nuoc-can-thiep-manh-lang-xa-thoi-nguyen,no_location,UNSUPPORTED_NO_LOCATION,,,
nha-nuoc-pho-mac-lang-xa-thoi-le-trung-hung,nha-nuoc-pho-mac-lang-xa-thoi-le-trung-hung,no_location,UNSUPPORTED_NO_LOCATION,,,
nho-giao-du-nhap-viet-nam,nho-giao-du-nhap-viet-nam,nationwide,UNSUPPORTED_NATIONWIDE,,,
phong-trao-can-vuong,phong-trao-can-vuong,nationwide,UNSUPPORTED_NATIONWIDE,,,
su-ra-doi-nha-nuoc-van-lang,su-ra-doi-nha-nuoc-van-lang,mixed,DUPLICATE_COORDINATE,0,,markers
su-ra-doi-nha-nuoc-van-lang,su-ra-doi-nha-nuoc-van-lang,mixed,DUPLICATE_COORDINATE_DIFFERENT_LABEL,2,,markers
thanh-lap-quoc-su-quan-trieu-nguyen,thanh-lap-quoc-su-quan-trieu-nguyen,no_location,UNSUPPORTED_NO_LOCATION,,,
thoi-tran-dat-chuc-xa-quan,thoi-tran-dat-chuc-xa-quan,no_location,UNSUPPORTED_NO_LOCATION,,,
tin-nguong-tho-than-dong-co-cung-dinh,tin-nguong-tho-than-dong-co-cung-dinh,no_location,UNSUPPORTED_NO_LOCATION,,,
trang-an-duoc-ghi-danh-di-san-the-gioi,trang-an-duoc-ghi-danh-di-san-the-gioi,nationwide,UNSUPPORTED_NATIONWIDE,,,
tuyen-duong-chi-vien-chien-luoc-tren-bien-mang-ten-chu-tich-ho-chi-minh,tuyen-duong-chi-vien-chien-luoc-tren-bien-mang-ten-chu-tich-ho-chi-minh,no_location,UNSUPPORTED_NO_LOCATION,,,
van-hoa-phung-nguyen,van-hoa-phung-nguyen,nationwide,UNSUPPORTED_NATIONWIDE,,,
viet-nam-dam-phan-ranh-gioi-tren-bien,viet-nam-dam-phan-ranh-gioi-tren-bien,no_location,UNSUPPORTED_NO_LOCATION,,,
viet-nam-ki-ket-evfta,viet-nam-ki-ket-evfta,no_location,UNSUPPORTED_NO_LOCATION,,,
viet-nam-ki-ket-nghi-dinh-thu-ki-o-to,viet-nam-ki-ket-nghi-dinh-thu-ki-o-to,no_location,UNSUPPORTED_NO_LOCATION,,,
viet-nam-ki-ket-rcep,viet-nam-ki-ket-rcep,no_location,UNSUPPORTED_NO_LOCATION,,,
viet-nam-lao-cam-pu-chia-chuyen-sang-kinh-te-thi-truong-va-cong-nghiep-hoa,viet-nam-lao-cam-pu-chia-chuyen-sang-kinh-te-thi-truong-va-cong-nghiep-hoa,no_location,UNSUPPORTED_NO_LOCATION,,,
viet-nam-mo-co-quan-dai-dien-ngoai-giao-va-thong-tin-o-nuoc-ngoai,viet-nam-mo-co-quan-dai-dien-ngoai-giao-va-thong-tin-o-nuoc-ngoai,no_location,UNSUPPORTED_NO_LOCATION,,,
viet-nam-tham-gia-afta,viet-nam-tham-gia-afta,no_location,UNSUPPORTED_NO_LOCATION,,,
viet-nam-thoan-thuan-bien-gioi-lao-cam-pu-chia,viet-nam-thoan-thuan-bien-gioi-lao-cam-pu-chia,no_location,UNSUPPORTED_NO_LOCATION,,,
viet-nam-to-chuc-hoi-nghi-quoc-te-asean-asem-apec,viet-nam-to-chuc-hoi-nghi-quoc-te-asean-asem-apec,no_location,UNSUPPORTED_NO_LOCATION,,,
viet-nam-uy-vien-khong-thuong-truc-hoi-dong-bao-an-lhq,viet-nam-uy-vien-khong-thuong-truc-hoi-dong-bao-an-lhq,no_location,UNSUPPORTED_NO_LOCATION,,,
vndcch-can-bang-quan-he-voi-lien-xo-trung-quoc-va-van-dong-vien-tro,vndcch-can-bang-quan-he-voi-lien-xo-trung-quoc-va-van-dong-vien-tro,no_location,UNSUPPORTED_NO_LOCATION,,,
vndcch-dau-tranh-doi-thi-hanh-hiep-dinh-gio-ne-vo,vndcch-dau-tranh-doi-thi-hanh-hiep-dinh-gio-ne-vo,mixed,DUPLICATE_COORDINATE,0,,markers
vndcch-gap-go-dang-cong-san-phap-va-cac-to-chuc-quoc-te,vndcch-gap-go-dang-cong-san-phap-va-cac-to-chuc-quoc-te,no_location,UNSUPPORTED_NO_LOCATION,,,
vndcch-thiet-lap-quan-he-ngoai-giao-voi-lao-campuchia-va-ung-ho-phong-trao-giai-phong-dan-toc,vndcch-thiet-lap-quan-he-ngoai-giao-voi-lao-campuchia-va-ung-ho-phong-trao-giai-phong-dan-toc,no_location,UNSUPPORTED_NO_LOCATION,,,
vu-an-le-chi-vien,vu-an-le-chi-vien,mixed,DUPLICATE_COORDINATE,0,,markers
xa-tro-thanh-ten-goi-pho-bien,xa-tro-thanh-ten-goi-pho-bien,no_location,UNSUPPORTED_NO_LOCATION,,,
